/*
Navicat MySQL Data Transfer

Source Server         : jeer
Source Server Version : 50718
Source Host           : localhost:3306
Source Database       : easypurchase

Target Server Type    : MYSQL
Target Server Version : 50718
File Encoding         : 65001

Date: 2017-09-21 19:51:58
*/

SET FOREIGN_KEY_CHECKS=0;

-- ----------------------------
-- Table structure for administrator
-- ----------------------------
DROP TABLE IF EXISTS `administrator`;
CREATE TABLE `administrator` (
  `administratorId` int(11) NOT NULL,
  `administratorName` varchar(255) DEFAULT NULL,
  `administratorPassword` varchar(255) NOT NULL,
  `administratorPowerInfo` varchar(255) DEFAULT NULL,
  `administratorEmail` varchar(255) DEFAULT NULL,
  PRIMARY KEY (`administratorId`)
) ENGINE=InnoDB DEFAULT CHARSET=utf8;

-- ----------------------------
-- Records of administrator
-- ----------------------------
INSERT INTO `administrator` VALUES ('1', 'Jee', '1380000', '管理员', '12345@163.com');
INSERT INTO `administrator` VALUES ('2', 'Peng', '000000', '管理员', '145@123.com');

-- ----------------------------
-- Table structure for buildingimage
-- ----------------------------
DROP TABLE IF EXISTS `buildingimage`;
CREATE TABLE `buildingimage` (
  `buildingImageId` int(11) NOT NULL AUTO_INCREMENT,
  `buildingId` int(11) NOT NULL,
  `buildingImageName` varchar(255) NOT NULL,
  PRIMARY KEY (`buildingImageId`)
) ENGINE=InnoDB AUTO_INCREMENT=62 DEFAULT CHARSET=utf8;

-- ----------------------------
-- Records of buildingimage
-- ----------------------------
INSERT INTO `buildingimage` VALUES ('1', '1', 'http://localhost:8080/Images/images/buildingImages/g4.jpg');
INSERT INTO `buildingimage` VALUES ('2', '1', 'http://localhost:8080/Images/images/buildingImages/g5.jpg');
INSERT INTO `buildingimage` VALUES ('3', '2', 'http://localhost:8080/Images/images/buildingImages/g6.jpg');
INSERT INTO `buildingimage` VALUES ('12', '1', 'http://localhost:8080/Images/images/buildingImages/g7.jpg');
INSERT INTO `buildingimage` VALUES ('13', '1', 'http://localhost:8080/Images/images/buildingImages/g5.jpg');
INSERT INTO `buildingimage` VALUES ('14', '1', 'http://localhost:8080/Images/images/buildingImages/g7.jpg');
INSERT INTO `buildingimage` VALUES ('15', '1', 'http://localhost:8080/Images/images/buildingImages/g4.jpg');
INSERT INTO `buildingimage` VALUES ('16', '1', 'http://localhost:8080/Images/images/buildingImages/g6.jpg');
INSERT INTO `buildingimage` VALUES ('17', '1', 'http://localhost:8080/Images/images/buildingImages/g5.jpg');
INSERT INTO `buildingimage` VALUES ('18', '1', 'http://localhost:8080/Images/images/buildingImages/g7.jpg');
INSERT INTO `buildingimage` VALUES ('21', '20', 'http://localhost:8080/Images/images/buildingImages/1.png1jee.jpg');
INSERT INTO `buildingimage` VALUES ('22', '20', 'http://localhost:8080/Images/images/buildingImages/2.jpg58jee.jpg');
INSERT INTO `buildingimage` VALUES ('23', '21', 'http://localhost:8080/Images/images/buildingImages/1.jpg28jee.jpg');
INSERT INTO `buildingimage` VALUES ('24', '22', 'http://localhost:8080/Images/images/buildingImages/3.jpg52jee.jpg');
INSERT INTO `buildingimage` VALUES ('25', '23', 'http://localhost:8080/Images/images/buildingImages/4.jpg12jee.jpg');
INSERT INTO `buildingimage` VALUES ('26', '24', 'http://localhost:8080/Images/images/buildingImages/5.jpg100jee.jpg');
INSERT INTO `buildingimage` VALUES ('27', '25', 'http://localhost:8080/Images/images/buildingImages/6.jpg74jee.jpg');
INSERT INTO `buildingimage` VALUES ('28', '26', 'http://localhost:8080/Images/images/buildingImages/7.jpg50jee.jpg');
INSERT INTO `buildingimage` VALUES ('29', '27', 'http://localhost:8080/Images/images/buildingImages/8.jpg49jee.jpg');
INSERT INTO `buildingimage` VALUES ('30', '28', 'http://localhost:8080/Images/images/buildingImages/9.jpg49jee.jpg');
INSERT INTO `buildingimage` VALUES ('31', '29', 'http://localhost:8080/Images/images/buildingImages/l.jpg98jee.jpg');
INSERT INTO `buildingimage` VALUES ('32', '29', 'http://localhost:8080/Images/images/buildingImages/1.jpg');
INSERT INTO `buildingimage` VALUES ('33', '29', 'http://localhost:8080/Images/images/buildingImages/2.jpg');
INSERT INTO `buildingimage` VALUES ('34', '29', 'http://localhost:8080/Images/images/buildingImages/3.jpg');
INSERT INTO `buildingimage` VALUES ('35', '28', 'http://localhost:8080/Images/images/buildingImages/4.jpg');
INSERT INTO `buildingimage` VALUES ('36', '28', 'http://localhost:8080/Images/images/buildingImages/5.jpg');
INSERT INTO `buildingimage` VALUES ('37', '28', 'http://localhost:8080/Images/images/buildingImages/6.jpg');
INSERT INTO `buildingimage` VALUES ('38', '27', 'http://localhost:8080/Images/images/buildingImages/7.jpg');
INSERT INTO `buildingimage` VALUES ('39', '27', 'http://localhost:8080/Images/images/buildingImages/8.jpg');
INSERT INTO `buildingimage` VALUES ('40', '26', 'http://localhost:8080/Images/images/buildingImages/9.jpg');
INSERT INTO `buildingimage` VALUES ('41', '25', 'http://localhost:8080/Images/images/buildingImages/10.jpg');
INSERT INTO `buildingimage` VALUES ('42', '25', 'http://localhost:8080/Images/images/buildingImages/11.jpg');
INSERT INTO `buildingimage` VALUES ('43', '24', 'http://localhost:8080/Images/images/buildingImages/12.jpg');
INSERT INTO `buildingimage` VALUES ('44', '24', 'http://localhost:8080/Images/images/buildingImages/13.jpg');
INSERT INTO `buildingimage` VALUES ('45', '24', 'http://localhost:8080/Images/images/buildingImages/14.jpg');
INSERT INTO `buildingimage` VALUES ('46', '23', 'http://localhost:8080/Images/images/buildingImages/15.jpg');
INSERT INTO `buildingimage` VALUES ('47', '23', 'http://localhost:8080/Images/images/buildingImages/16.jpg');
INSERT INTO `buildingimage` VALUES ('48', '23', 'http://localhost:8080/Images/images/buildingImages/17.jpg');
INSERT INTO `buildingimage` VALUES ('49', '23', 'http://localhost:8080/Images/images/buildingImages/18.jpg');
INSERT INTO `buildingimage` VALUES ('50', '22', 'http://localhost:8080/Images/images/buildingImages/19.jpg');
INSERT INTO `buildingimage` VALUES ('51', '22', 'http://localhost:8080/Images/images/buildingImages/20.jpg');
INSERT INTO `buildingimage` VALUES ('52', '21', 'http://localhost:8080/Images/images/buildingImages/21.jpg');
INSERT INTO `buildingimage` VALUES ('53', '21', 'http://localhost:8080/Images/images/buildingImages/22.jpg');
INSERT INTO `buildingimage` VALUES ('54', '20', 'http://localhost:8080/Images/images/buildingImages/23.jpg');
INSERT INTO `buildingimage` VALUES ('55', '20', 'http://localhost:8080/Images/images/buildingImages/24.jpg');
INSERT INTO `buildingimage` VALUES ('56', '20', 'http://localhost:8080/Images/images/buildingImages/25.jpg');
INSERT INTO `buildingimage` VALUES ('57', '20', 'http://localhost:8080/Images/images/buildingImages/26.jpg');
INSERT INTO `buildingimage` VALUES ('58', '20', 'http://localhost:8080/Images/images/buildingImages/27.jpg');
INSERT INTO `buildingimage` VALUES ('59', '21', 'http://localhost:8080/Images/images/buildingImages/28.jpg');
INSERT INTO `buildingimage` VALUES ('60', '21', 'http://localhost:8080/Images/images/buildingImages/29.jpg');
INSERT INTO `buildingimage` VALUES ('61', '21', 'http://localhost:8080/Images/images/buildingImages/30.jpg');

-- ----------------------------
-- Table structure for buildinginfo
-- ----------------------------
DROP TABLE IF EXISTS `buildinginfo`;
CREATE TABLE `buildinginfo` (
  `buildingId` int(11) NOT NULL AUTO_INCREMENT,
  `buildingName` varchar(20) NOT NULL,
  `buildingAddress` varchar(255) NOT NULL,
  `buildingArea` int(255) NOT NULL,
  `buildingBedroom` int(255) NOT NULL,
  `buildingHall` int(11) NOT NULL,
  `buildingToilet` int(255) NOT NULL,
  `buildingFloor` varchar(255) NOT NULL,
  `buildingAllFloor` int(255) NOT NULL,
  `buildingPrice` int(10) NOT NULL,
  `buildingCity` varchar(255) NOT NULL,
  `buildingDistrict` varchar(255) NOT NULL,
  `buildingRedecorated` varchar(255) DEFAULT NULL,
  `buildingPhone` varchar(255) NOT NULL,
  `buildingCharacteristic` text NOT NULL,
  `buildingTimeHanded` varchar(255) DEFAULT NULL,
  `buildingPublishTime` datetime DEFAULT NULL,
  `buildingTrafficInfo` text,
  `buildingProjectMatching` text,
  `buildingProjectBrief` text CHARACTER SET utf8mb4,
  `buildingGreeningRate` varchar(11) DEFAULT NULL,
  `buildingPlotRatio` varchar(20) DEFAULT NULL,
  `buildingSumNum` int(11) DEFAULT NULL,
  `buildingPropertyCompany` varchar(50) DEFAULT NULL,
  `buildingHousehold` varchar(20) DEFAULT NULL,
  `buildingPark` varchar(20) DEFAULT NULL,
  `buildingCategory` varchar(20) NOT NULL DEFAULT '',
  PRIMARY KEY (`buildingId`)
) ENGINE=InnoDB AUTO_INCREMENT=30 DEFAULT CHARSET=utf8;

-- ----------------------------
-- Records of buildinginfo
-- ----------------------------
INSERT INTO `buildinginfo` VALUES ('1', '天水嘉园', '昆明市呈贡区穿金路与铂金大道交汇处天水嘉园', '134', '3', '2', '1', '中层', '24', '7090', '昆明市', '呈贡区', '毛坯', '18487569632', '项目3公里范围内覆盖大型繁华商圈（中汇、北辰、同德商圈）相伴； 三甲医院（昆明市第一人民医院、533医院等明星医疗）为您的健康保驾护航；此外项目临近地铁2、5号线，规划地铁8号线经过铂金大道，物业价值有保障。 临近世博生态板块，金殿森林公园等生态资源环抱，奢享城市稀缺生态资源，周边土地权贵趋之若鹜，入则宁静，出则繁华。 项目占地350亩，自身打造12000㎡人工湖，洋房、别墅环湖而建，容积率仅2.03，绿地率53.31%，建筑密度19.15%，总户数2046户，涵盖洋房、别墅、商业手房', '2017-09-30', '2017-09-05 00:00:00', '项目享有四横四纵三地铁的立体交通网络，四横为铂金大道、北辰大道、北二环、沣源路。四纵为北京路、穿金路、白龙路、昆曲高速。三地铁为地铁2号线、 5号线和8号线。同时周边公共交通系统发达， 10路、47路、50路、182路、119路、142路、146路、91路等19条公交线路覆盖项目周边，交通极为便利。', '幼儿园：自带9班幼儿园、佳蒙·映象幼儿园\r\n中小学：明通小学、盘龙小学、金殿中学。\r\n综合商场：中汇、北辰、同德\r\n医院：解放军533医院、昆明第一人民医院甘美国际医院、盘龙区人民医院\r\n银行：菠萝村邮政支行 农业银行、交通银行、工商银行、红塔银行\r\n其他：世博生态园、金殿森林公园\r\n小区内部配套：幼儿园、健身设施、地下停车场', '项目3公里范围内覆盖大型繁华商圈（中汇、北辰、同德商圈）相伴； 三甲医院（昆明市第一人民医院、533医院等明星医疗）为您的健康保驾护航；此外项目临近地铁2、5号线，规划地铁8号线经过铂金大道，物业价值有保障。 临近世博生态板块，金殿森林公园等生态资源环抱，奢享城市稀缺生态资源，周边土地权贵趋之若鹜，入则宁静，出则繁华。 项目占地350亩，自身打造12000㎡人工湖，洋房、别墅环湖而建，容积率仅2.03，绿地率53.31%，建筑密度19.15%，总户数2046户，涵盖洋房、别墅、商业。', '53%', '2', '3', '天上物业', '500', '3000', 'building');
INSERT INTO `buildinginfo` VALUES ('2', '天水嘉园', '昆明市呈贡区天水嘉园', '153', '3', '2', '2', '中层', '24', '6863', '昆明市', '呈贡区', '毛坯', '18555888855', '空气对流采光好，值得购买', '2017-09-30', '2017-09-05 00:00:00', '项目享有四横四纵三地铁的立体交通网络，四横为铂金大道、北辰大道、北二环、沣源路。四纵为北京路、穿金路、白龙路、昆曲高速。三地铁为地铁2号线、 5号线和8号线。同时周边公共交通系统发达， 10路、47路、50路、182路、119路、142路、146路、91路等19条公交线路覆盖项目周边，交通极为便利。', '幼儿园：自带9班幼儿园、佳蒙·映象幼儿园\r\n中小学：明通小学、盘龙小学、金殿中学。\r\n综合商场：中汇、北辰、同德\r\n医院：解放军533医院、昆明第一人民医院甘美国际医院、盘龙区人民医院\r\n银行：菠萝村邮政支行 农业银行、交通银行、工商银行、红塔银行\r\n其他：世博生态园、金殿森林公园\r\n小区内部配套：幼儿园、健身设施、地下停车场', '项目3公里范围内覆盖大型繁华商圈（中汇、北辰、同德商圈）相伴； 三甲医院（昆明市第一人民医院、533医院等明星医疗）为您的健康保驾护航；此外项目临近地铁2、5号线，规划地铁8号线经过铂金大道，物业价值有保障。 临近世博生态板块，金殿森林公园等生态资源环抱，奢享城市稀缺生态资源，周边土地权贵趋之若鹜，入则宁静，出则繁华。 项目占地350亩，自身打造12000㎡人工湖，洋房、别墅环湖而建，容积率仅2.03，绿地率53.31%，建筑密度19.15%，总户数2046户，涵盖洋房、别墅、商业。', '60%', '2', '4', '天堂物业', '1000', '2000', 'building');
INSERT INTO `buildinginfo` VALUES ('20', '梁源小区兴隆花园二居', '西山区昆州路123号', '550000', '2', '1', '1', '低层', '6', '8023', '昆明', '西山区', '毛坯', '18456582150', '环境优美，背靠学区', '1993-01-01', '2017-09-21 09:05:01', '优良', '昆明小学，昆明中学，昆明大学', '本楼盘兴建于1993年，年代较为久远但是靠近学区，属于优质房源，适合家中有学生的家庭', '45%', '2.06', '120', '城建物业', '6895', '2000', 'building');
INSERT INTO `buildinginfo` VALUES ('21', '保利大家', '五华区二环北路与普吉路交叉口西侧', '229776', '3', '1', '2', '低层', '18', '11000', '昆明', '五华区', '毛坯', '13954847845', '小区内部从幼儿园到大学，全龄教育体系，全面助力孩子成长。环绕项目打造40-80米绿色屏障。400米香樟林中轴景观长廊，在林荫蜿蜒中，呼吸甜蜜花香。', '2008-01-01', '2017-09-21 09:49:02', '地铁：项目处于4号线与7号线换乘点位置，项目周围分布7个地铁站点口，未来出行十分便捷，与此同时，地铁物业的升值潜力非凡。 公交：151路 153路 189路 1路 8路 8路专线 C10路 C1路 C3路 C68路 C69路（交通学院下）', '幼儿园：市第三幼儿园、第二幼儿园。中小学：师大附小、高新一小；师大附中、高新一中。大学：云南师范大学、理工大津桥学院。', '保利大家项目位于二环北路与普吉路交汇处，由保利集团开发。中国保利集团为中央企业，截至到2016年6月，保利集团总资产达6339.5亿元，列央企24位。', '38%', '4.00', '15', '云南保利物业服务有限公司', '7936', '2300', 'building');
INSERT INTO `buildinginfo` VALUES ('22', '华润中央公园', '北京路与竹园路交叉口（瀑布公园对面）', '62250', '4', '2', '3', '高层', '18', '8500', '昆明', '盘龙区', '毛坯', '15978451236', '品牌地产花园洋房景观居所公园地产', '2017-01-01', '2017-09-21 10:09:51', '华润中央公园位于北京路延长线与竹园路交叉口，属于北部山水新城核心区，本地块临北京路延长线主干道、西北绕城高速，靠近昆曲高速，无论是去市中心、长水机场、还是出行滇东北均较为便达，地块距离北部客运站及地铁2号线龙头街站点直线距离2公里，交通通达度较高。 公交线路：23、96、126、Z1等线路。', '幼儿园：昆明市政府机关幼儿园、苏斯Q幼儿园、艾尔西幼儿园\r\n中小学：昆明师范大学附属小学、盘龙区龙泉中学、昆明市第十中学、昆明第二十一中学\r\n大学：云南农业大学等\r\n综合商场：中汇沃尔玛、邦利嘉年华\r\n医院：昆明市第一人民医院北市区医院、圣爱中医馆\r\n银行：中国工商银行、中国农业银行\r\n邮局：盘龙龙泉邮政所\r\n其他：瀑布公园\r\n小区内部配套：幼儿园、超市、信报箱、快递柜、健身设施、儿童游乐场、运动场地\r\n', '华润中央公园，“中央公园系”作为华润置地旗下住宅标杆产品线之一，历经9城历练，必将以同步国际高端园居生活的精工品质，抒写昆明人居传奇。 项目坐落于北京路与竹园路交叉口/亚洲人工瀑布公园对面，轻松坐享12公园环伺的绿色生活。瀑布公园已于2014年6月通水，在项目精心打造的示范区观景台上，300米的绝佳距离，一览无余的视角，让业主在欣赏美景时，不用担心瀑布噪声，成就举步繁华、咫尺自然的公园人生。 项目坚持以人为本，悉心打造绿色邻里空间、运动主题空间。前者通过小广场、休息区，为业主提供一个多样化的邻里社交场所。后者通过慢跑步道，不仅打造出绿荫环绕的社区步行系统、穿越四季的景观走廊，还通过宠物公园、网球场，让和谐邻里情感和运动的健康氛围，成为中央公园的主旋律。 93亩台地建筑，比肩别墅的超低容积率，借大自然天赋灵感为业主创作。纯板式、折板式稀缺设计，区别于点式采光差、楼道暗、通风受限的天生弊端，做到了高得房率的同时，程度确保自然采光、通风，绝大部分户型都有270°转角飘窗、阔景阳台，实现业主舒适优雅的居住感受。', '40%', '2.50', '19', '华润物业', '1436', '1562', 'building');
INSERT INTO `buildinginfo` VALUES ('23', '恒大云报华府', '日新中路与前卫西路交叉口西行300米', '4605600', '4', '2', '3', '中层', '18', '14800', '昆明', '西山区', '毛坯', '18952101452', '湖景地产', '2017-02-01', '2017-09-21 10:13:45', '公交：112路、120路、152路、166路、171路公交车至邬小村、陈顾村站下车即到。', '幼儿园：西山区陆家社区幼儿园\r\n中小学：昆明三中、师大附小、北大附中\r\n大学：云南大学滇池学院\r\n综合商场：广丰批发市场、前卫百货批发市场、西南大型百货城\r\n医院：前卫人民医院、省中医院望城分院、红十字会医院\r\n银行：工商银行、中国银行\r\n邮局：前卫路邮政所\r\n其他：蒙娜丽莎文艺复兴馆、马可波罗空间艺术馆、滇越铁路主\r\n小区内部配套：健身设施\r\n', '恒大云报华府位于南市中心，雄踞三区聚首之地，三大商圈汇集之处。三横三纵，立体交通网络,快速畅达全城。 项目斥巨资打造10万平米欧陆风情园林，以自然成就宜居雅境。精心打造8大景观主轴、8大主题广场、7大风情园林、千米生态大湖，2所幼儿园九年制一贯制教育. 恒大云报华府，是集高端居住、全年龄段教育、国际商务、全能商业于一体的大型城市综合体。', '40%', '4.42', '22', '金碧物业', '4661', '150000', 'building');
INSERT INTO `buildinginfo` VALUES ('24', '润城', '日新路与前兴路交汇处', '1333340', '3', '1', '2', '中层', '18', '13000', '昆明', '西山区', '毛坯', '18454587798', '复合地产', '2015-01-01', '2017-09-21 10:17:52', '公交：24路、A8路、78路、86路、99路、110路、118路、A9路等多路公交可达，在陈顾村或日新中路公交站下车即可； 驾车：广福路、官南大道、日新路、二环等多条路线构成立体通路脉络；', '幼儿园： 月光宝盒幼儿园 海贝尔中英文幼儿园\r\n中小学： 师大附小附中和官庄小学 \r\n大学：云大滇池学院\r\n综合商场： 沃尔玛，山姆会员店等\r\n医院：昆明市儿童医院 \r\n银行：中国银行,中国建设银行,中国工商银行,中国光大银行，中国农业银行\r\n邮局：云南省邮政局\r\n小区内部配套：小区内部配套：云师大附属润城学校、沃尔玛山姆会员店、大型百货卖场、星级院线、五星级酒店、美食广场等\r\n', '润城规划占地2000亩，位居云南省级行政中心区域，是中国·昆明泛亚金融产业中心园区（简称“金产区”）内千亩级城市综合大盘，500万平米建筑体量，涵盖超大规模180万平米商业中心、城市高尚美宅、五星级酒店、甲级写字楼、LOFT、SOHO、多功能时尚主题生活广场、运动休闲馆、幼儿园、沃尔玛山姆会员店、师大附中附小润城学校等。 润城·大道，云南以金融商务,商业为定位的综合地产项目。写字楼、LOFT创意空间、SOHO公寓、创新双临街庭院街铺四大全系产品，火势发售中，润城·二区、润城·大道全面接受登记。 润城位于前兴路与日新中路交叉片区，项目总占地面积约2000亩，总建筑面积高达500万平米，是集国际化居住理念、国际化商业商务配套、良好交通环境和城市自然景观资源于一体的优质大盘，本着打造昆明城市新形象，体现“城市再生”的理念，建设包括办公、SOHO、住宅、酒店、公寓、商业街、大型商业中心等多种现代物业形态。', '48%', '3.84', '110', '云南龙宇房地产开发有限公司', '8311', '100000', 'building');
INSERT INTO `buildinginfo` VALUES ('25', '实力心城', '市政府对面彩云南路边地铁春融街站旁', '124422', '4', '2', '2', '低层', '20', '11000', '昆明', '呈贡区', '毛坯', '15984745125', '品牌地产', '2015-01-01', '2017-09-21 10:21:14', '公交：K20、222、C85、Z27、215到春融街站； Z28、Z29到彩云南路站 地铁：地铁一号线及地铁一号线支线至春融街站下车 高铁：沪昆高铁线、云桂高铁线 自驾：彩云路、昆玉高速、东绕城高速、环湖路', '幼儿园：呈贡区第一幼儿园、云南师范大学附属七彩云南幼儿园、呈贡惠景园幼儿园昆明市教工第二幼儿园分园\r\n中小学：城内小学、云南师范大学附属小学、中华小学、云南师范大学附属中学、昆三中、呈贡一中\r\n大学：云南师范大学、云南理工大学、云南民族大学、云南艺术学院、昆明医科大学\r\n综合商场：商业：七彩云南第壹城商圈：韩国CGV影院、真冰场、麦当劳、星巴克等、家乐福、置信银河广场万象城商业中心、上海东盟大厦美食城、斗南花卉市场、新螺蛳湾国际商贸城\r\n医院：医院：云大医院、昆明医科大学第一附属医院、呈贡区人民医院、昆明城东医院、昆明市中医院呈贡分院、呈贡区人民医院\r\n银行：银行：中国建设银行、中国工商银行、中国银行、中信银行、浦发银行、中国农业银行、华夏银行\r\n邮局：中国邮政(昆明市呈贡区邮政局)\r\n其他：公园：春融公园、洛龙公园、春城公园、中央公园、白龙潭公园、捞鱼河公园 内部配套：贝倍优国际幼儿园、9万㎡花千坊商业中心、\r\n小区内部配套：幼儿园、超市、儿童游乐场\r\n', '实力心城位于呈贡新区行政中心位置，北接上海东盟大厦、ICC环球广场；东接昆明市政府；南面是七彩云南第一城。我们是昆明新区地标性品质住宅，是整个市级行政中心及中央商务区核心区的中心，市政府搬迁过来后，决定了城市往南发展，呈贡新区是云南省政府花巨资800亿要打造的国际一流新都市，招商引资不断引入，现在云南白药集团、可口可乐公司，本土的俊发、昆百大等，都纷纷在新区拿地发展，实力心城往北是螺蛳湾，仅次于义乌的第二大商贸城；紧邻斗南花卉市场；西面是滇池度假区；往东是国际物流圈；往南是大学城。 项目分三期开发，一期由7栋住宅和一所国际幼儿园组成，二期为2栋公寓和约9万㎡花千坊商业街区组成、三期由1栋公寓（两个单元组成）', '42%', '4.20', '10', '云南实力物业管理有限公司', '1634', '4101', 'building');
INSERT INTO `buildinginfo` VALUES ('26', '筑友·双河湾', '广福路与前兴路交汇处（同仁医院旁）', '1080000', '4', '2', '1', '低层', '18', '13000', '昆明', '五华区', '毛坯', '18457845412', '江景地产', '2013-01-01', '2017-09-21 10:25:07', '公交：A9、24、120、141、165、172、181、196、208、210 路 到同人医院站下车即可； 地铁：暂无地铁 。', '幼儿园：金家河幼儿园\r\n中小学：昆一中度假区分校（金岸中学），金家河小学。\r\n大学：滇池学院\r\n综合商场：沃尔玛、大商汇\r\n医院：同仁医院、昆明医科大学附属儿童医院、云南平安中西医结合医院。\r\n银行：中国农业银行(滇池国家旅游度假区支行) 、广东发展银行(大商汇支行)、交通银行(广福支行)、平安银行(广福支行)\r\n邮局：中国邮政(前兴路邮政支局)、中国邮政(兴科路邮政支局)\r\n其他：公园：滇池公园、云南民族村等。\r\n小区内部配套：幼儿园、医疗服务中心、信报箱、快递柜、超市、商业街、运动场地、健身设施、儿童游乐场、会所、地下停车场、露天停车位、自行车棚、消防设施\r\n', '筑友.双河湾项目由云南兴昂实业集团投资，云南筑友房地产开发有限公司独立开发, 兴昂实业集团为广东商会会长单位企业，全资子公司筑友房地产开发有限公司开发成立于1998年7月，公司自成立以来，贯彻“团结奋进”“争创一流”的企业精神，坚持以\"用品质给家一个承诺\"的开发理念，遵循\"唯实创新，追求卓越\"的企业精神，全力开发具有生态、和偕、温馨、优雅的居住文化和社区环境的优质产品。筑友.双河湾是筑友地产继“昆明人家”“摩根道”金岸春天“之后引领着一座城市迈向更高的生活层次的又一力作。 筑友·双河湾项目北至广福路，西至同仁医院、滇池印象小区，南至南绕城线，东至前兴路，项目交通十分便利。总用地1620.40亩（净用地926亩），，综合容积率2.57；三期总用地406亩（净用地327亩)，综合容积率0.90, 总建面共计270万平方米，融合休闲购物、餐饮娱乐、商务办公、文化公园、品质住区5大城市功能，现代休闲购物、餐饮娱乐、商务办公三大商业业态齐聚于此。的城市综合体.项目重点依托地块独有1.9KM双河自然河流资源，以建造“自然、生态、运动、休闲的私家滨河公园”为目标理念，打造城市中央生态居住区滨河国际生态生活社区，可参与性园林生活休闲示范区，现代城市中稀缺的原生态滨河公园社区。小区还将打造双商业中心+8大邻里中心协同发展的商超配套，将会让您的生活更加便利，真实享受滨河生态品质生活。', '38.42%', '2.57', '25', '新天物业', '8532', '13496', 'building');
INSERT INTO `buildinginfo` VALUES ('27', '恒大金碧天下', '昆明市太平新区', '333333', '1', '1', '1', '中层', '6', '6000', '昆明', '太平新区', '毛坯', '15978451254', '复合地产', '2013-01-01', '2017-09-21 10:28:17', '恒大金碧天下地处昆明市太平新区，位于昆明市的西郊，距安宁市区12公里，昆明市区21公里。昆安高速、西山森林公园、大屯新区旁。 公交：小区内有专设公交直达昆明胜利堂。', '小区内部配套：商超、酒店、学校等', '恒大金碧天下位于昆明太平新区，规划总占地面积1491亩。规划总建筑面积204万平方米。项目定位为大西南首席山水豪宅，充分保留了原生山水资源，以3600米中轴景观大道延伸出3大内湖、4重景观、5大园林、8大广场，与新古典主义风格建筑群共同构筑气势恢宏的湖山品质生活。项目设有五星级酒店、会议中心、饮食中心、运动中心、健康中心、娱乐中心、商业中心。 恒大金碧天下二期占地500亩,总建筑面积104万平米。地块紧邻一期山地别墅区，全高层规划。二期户型设计采用点式布局，采光、通风、户型结构更趋合理。欧陆新古典主义装修风格的9A豪装洋房，更是汇集了满屋。 恒大金碧天下整体项目充分保留了原生的山水资源，并依此打造欧陆皇家园林。项目规划有近100000㎡国际级航母配套——约33000㎡的铂金五星级酒店、约10000㎡的会议中心、约9000㎡的饮食中心、约15000㎡的运动中心、约3000㎡的健康中心、约8000㎡的娱乐中心和约4300㎡的商业中心，是一个集酒店、会议、运动、康体、饮食、娱乐与商业于一体的超大型国际旅游度假型地产项目。项目二期中，还规划有3所幼儿园，共计7632平米；二期项目的整体车位配比将达到1:1。 物业服务由金碧物业有限公司提供，', '40%', '3.00', '424', '恒大金碧物业有限公司', '8724', '8725', 'building');
INSERT INTO `buildinginfo` VALUES ('28', '海伦国际', '广福路与金源路交汇处（世纪城旁）', '1733342', '3', '2', '2', '中层', '18', '9300', '昆明', '官渡区', '毛坯', '18451447845', '小户型', '2017-01-01', '2017-09-21 10:31:56', '海伦国际途径项目周边的公交路线有31路（昆明站——官渡古镇站，世纪城站、五甲河站），161路（护国路——公交世纪城车场，世纪城站、五甲河站），154路（昆明站——公交世纪城车场，世纪城站、五甲河站），149路（菊花村——世纪城，雨龙村站），165路（公交子君村车场——渔堆村，三甲站）。至五甲河下车。 地铁一号线紧邻项目，广福路，彩云路。', '幼儿园：童星艺术幼儿园、世纪金源学校幼儿园、爱乐世纪幼儿园、爱多新加坡国际幼儿园、官渡区启萌幼儿园、官渡区雪苑幼儿园、肯琦儿国际幼稚园\r\n中小学：云大附中（云南大学附属世纪金源学校）、金林学校、先锋中学、后所中心学校、云溪小学、小板桥小学、官渡区振华学校\r\n大学：云南大学城，昆明学院,世纪金源学校，云大附中\r\n综合商场：金源时代购物中心、华洋国际家居博览中心、得胜家具城\r\n医院：官渡中心医院、新世纪女子医院、官渡区红十字会医院 新亚洲星耀医院\r\n银行：中国银行世纪城支行、工商银行世纪城支行、农业银行世纪城支行、招商银行世纪城支行、交通银行世纪城支行、建设银行世纪城支行、世纪城邮政支局邮政储蓄、华夏银行东进支行、富滇银行世纪城支行、农村信用社世纪城支行\r\n邮局：云南邮政储蓄世纪城分行\r\n其他：官渡区人民法院\r\n小区内部配套：幼儿园、健身设施\r\n', '海伦国际位于广福路与金源路交汇处（世纪城旁）占地面积有2600亩。预计将建住宅25739套，建筑面积达5358800平方米，容积率3.39，绿化率45.63%。海伦国际系广东中颐投资集团有限公司投资，昆明市海伦堡房地产开发有限公司开发的项目。是昆明南市楼盘之一。引入Hopsca开发模式，将高档住宅、购物中心、写字楼、星级酒店、医疗、教育等城市功能融入大型公园。海伦国际请有知名物业公司——广东中颐投资集团物业管理公司——进行管理，其景观设计单位由知名企业——广东中颐投资集团完成； 海伦堡地产集团简介： 广东海伦堡地产集团有限公司创建于1998年，是一家致力于为客户提供优质产品与服务的专业地产公司，集团总部设在广州，拥有全资及控股公司30余家，现有员工2500多人，业务领域涉及房地产开发、建筑施工、物业管理和酒店、商业运营五大板块。　　经过十几年的潜心发展，海伦堡地产形成了独特的企业竞争优势：具备独具匠心的项目选址和定位能力、的产品研发和规划设计能力、卓越的内部价值链整合能力、精雕细琢的客户体验营造能力、稳健的财务运作能力。产品覆盖了普通住宅、高层公寓、花园洋房、别墅、酒店公寓、产业园、综合商业及大型城市综合体等多种业态。每一种产品业态都打造成为该区域的代表作品，具有城市标杆作用。', '45%', '4.02', '71', '广东中颐投资集团物业管理公司', '25739', '32880', 'building');
INSERT INTO `buildinginfo` VALUES ('29', '领秀·知识城', '空港职教园区中心（昆医海源学院后）', '189714', '4', '2', '1', '中层', '15', '11000', '昆明', '昆明市区', '毛坯', '15984571254', '低总价低密居所复合地产', '2017-01-01', '2017-09-21 10:35:32', '自驾车：从昆明主城出发沿杭瑞公路往曲靖方向行驶约30公里后到军马场停车区后向右转到官军路上，沿官军路往前2公里后右再转到文博路向前3公里即是项目。 三条高速：昆曲高速、空港大道（在建）、昆嵩高速（规划中）直达昆明、三条地铁：地铁6号线（后半段在建）、安嵩轻轨（规划中）、沪昆高铁（在建中）与昆明主城区无缝连接，可直达长水国际机场。 目前还沿机场高速走空港大道（机场-嵩明单行道）直达空港教职员区。 可在北部汽车客运站乘车在嵩明空港教职员区站下车。 暂无公交站点。', '幼儿园：市教幼儿园\r\n中小学：重点小学、重点中学\r\n大学：15所大学\r\n综合商场：大型超市、生鲜超市\r\n医院：二甲医院\r\n银行：多家\r\n邮局：中国邮政\r\n其他：195亩园博园、公共图书馆、公共体育馆、职教园区产业孵化区\r\n', '领秀·知识城区域隶属于大昆明市区，根据《昆明城市规划（2008~2020）》提出打造“一湖四片”的“大昆明”战略，领秀;知识城就处于“四片”之一的嵩明片区。随着项目门口空港大道建成、昆曲高速扩展到四车道改造完成，项目周边有两条高速公司通达昆明，项目距昆明市中心仅34公里，驱车仅半；还有即将建设的安宁—嵩明城际铁路、地铁六号线（昆明主城区至空港新区）等交通体系的完善，领秀·知识城交通四通八达，半全面通达昆明主城区、长水机场、嵩明县城。 ', '42%', '3.00', '28', '昆百大物业管理公司', '4724', '4333', 'building');

-- ----------------------------
-- Table structure for contactus
-- ----------------------------
DROP TABLE IF EXISTS `contactus`;
CREATE TABLE `contactus` (
  `contactUsId` int(11) NOT NULL AUTO_INCREMENT,
  `userId` int(11) NOT NULL,
  `theme` varchar(255) NOT NULL,
  `faq` varchar(255) NOT NULL,
  `Ctime` datetime NOT NULL,
  PRIMARY KEY (`contactUsId`)
) ENGINE=InnoDB DEFAULT CHARSET=utf8;

-- ----------------------------
-- Records of contactus
-- ----------------------------

-- ----------------------------
-- Table structure for faq
-- ----------------------------
DROP TABLE IF EXISTS `faq`;
CREATE TABLE `faq` (
  `faqId` int(11) NOT NULL AUTO_INCREMENT,
  `faqTheme` varchar(255) NOT NULL,
  `faq` longtext NOT NULL,
  `faqTime` datetime DEFAULT NULL,
  PRIMARY KEY (`faqId`)
) ENGINE=InnoDB AUTO_INCREMENT=5 DEFAULT CHARSET=utf8;

-- ----------------------------
-- Records of faq
-- ----------------------------
INSERT INTO `faq` VALUES ('1', '房子在合同约定的时间还没交付，开发商延期交房怎么办？', '出现交付延迟的原因或在于开发商面临资金方面的窘境，日子过得异常紧巴，进而影响到了施工进程。\r\n\r\n应对措施：业主较好以书面形式及时发一份催告交付的通知，这种方式一来可作为维权证据，二来也可以起到提醒开发商的作用。发出催告交付通知单之后如果仍未得到开发商的答复，则可考虑维权事宜。\r\n\r\n相关问题请参考 http://cd.jiwu.com/news/2781900.html', '2017-09-19 14:32:30');
INSERT INTO `faq` VALUES ('2', '买房时承诺的诸般完善配套，交付时却未能兑现，配套缩水问题该如何规避？', '从来没开放过的球场、停摆了的喷泉、一片干涸的游泳池……有配套，但没用，对业主而言，这些难道只是当年开发商卖房的噱头？购买前说好的名校入驻变成了民校入驻、承诺购置房产入校却成了部分名单……\r\n\r\n应对措施：购房者应冷静分析各种配套设施存在的可能性和合理性,不为表面现象所迷惑，较好把广告宣传的内容全部记录进正式的合同中，日后开发商若不兑现,这些资料可作为追究其法律责任的有力凭证。\r\n\r\n相关问题请参考 http://cd.jiwu.com/news/2781900.html', '2017-09-19 14:32:34');
INSERT INTO `faq` VALUES ('3', '房屋交付时发现面积“缺斤少两”，该怎么交涉呢？', '房屋面积“涨水”、“缩水“严重，消费者投诉解决很难。\r\n\r\n应对措施：按照《商品房销售管理办法》规定，面积绝对值误差超过3%的，购房人可以选择退房，双方应在合同中约定清楚。\r\n\r\n相关问题请参考 http://cd.jiwu.com/news/2781900.html', '2017-09-19 14:32:37');
INSERT INTO `faq` VALUES ('4', '收房有什么是要注意的吗？', '目前很多买房人对收房的概念理解很模糊。收房实际上并不等于交钥匙，而是房屋所有权的交接。很多买房人在收房流程中犯了错误，收房时没有仔细验房就盲目在收房通知书上签字，之后发现问题再找开发商，已经无济于事。\r\n\r\n应对措施：收房时要特别注意，“三书一证一表”不齐全不要交房，特别是《建筑工程质量认定书》与“房地产开发建设项目竣工综合验收合格证”。一定要先验房再收房，务必事无巨细、仔细验收房屋，包括检验水电、测量面积误差、墙面是否有裂缝、是否平整、是否有漏水等等，确信没有质量问题再办理入住手续，如果发现房屋存在的质量问题须要求开发商及时整改。', '2017-09-19 14:32:40');

-- ----------------------------
-- Table structure for ownertopic
-- ----------------------------
DROP TABLE IF EXISTS `ownertopic`;
CREATE TABLE `ownertopic` (
  `ownerTopicId` int(11) NOT NULL AUTO_INCREMENT,
  `userId` int(11) NOT NULL,
  `ownerTopicTheme` varchar(255) NOT NULL,
  `ownerTopic` longtext NOT NULL,
  `Category` varchar(255) DEFAULT NULL,
  `ownerTopicTime` datetime NOT NULL,
  PRIMARY KEY (`ownerTopicId`)
) ENGINE=InnoDB AUTO_INCREMENT=45 DEFAULT CHARSET=utf8;

-- ----------------------------
-- Records of ownertopic
-- ----------------------------
INSERT INTO `ownertopic` VALUES ('24', '18', '水岸城事┃盘龙江的水上公交和夜景打造，你是否期待？', '<p>从北到南一路而下，直通滇池的盘龙江通常被昆明人称为母亲河，跨越数百年历史的除了川流不息的河流，还有河上的若干廊桥楼阁，这些静默不语的建筑其实都是母亲河留给我们的珍贵宝物。</p>\r\n \r\n<h5>1</h5>\r\n \r\n<p>据了解，盘龙江将开展城市夜景工程打造，而且还将探索母亲河旅游项目，目前，盘龙江旅游解说词已经编制完成。盘龙江航运也正在加紧推进可行性研究。</p>\r\n \r\n<h5>2</h5>\r\n \r\n<p>一位市民致电市长热线时，建议围绕昆明“母亲河”开展丰富多彩的旅游项目，将“母亲河”打造成一张靓丽的旅游名片。昆明市旅发委调查后回复：今年初，昆明市政府办公厅召开专题工作会议就推进盘龙江的开发建设进行研究，拟打造城市夜景工程，彰显昆明城市独特魅力。</p>\r\n\r\n<h5>3</h5>\r\n \r\n<p>据小编了解到，目前已经制定了盘龙江城市景观改造提升方案；安排专人负责，对盘龙江重要旅游项目进行了现场调查和走访；对盘龙江沿岸旅游资源进行梳理和整理，为下一步旅游开发做好准备；与此同时，编制完成盘龙江旅游解说词，为下一步旅游开发奠定基础。</p>\r\n\r\n<h5>4</h5>\r\n \r\n<p>据了解，在《昆明市“十三五”综合交通发展规划》中，盘龙江航运已被列入议事日程，其中提到，盘龙江航道通过整治后，拟恢复开通盘龙江中段马村到南坝福海立交桥间的水上公交，部分缓解青年路交通堵塞的同时丰富昆明城市景观和旅游内涵。通过对左右两侧的航标进行科技化装饰，打造城市特色航道。\r\n目前，昆明市正对盘龙江航运加紧推进可行性研究，尤其针对河面桥段、航道等方面进行调研走访。</p>\r\n \r\n \r\n盘龙江景本就美的醉人<br />\r\n改造后的盘龙江<br />\r\n定能够更加美丽<br />\r\n增加的不仅仅是美丽江景<br />\r\n还有河流上的运输<br />\r\n美景与便利兼得<br />\r\n \r\n \r\n<h4>盘龙江的水上公交和夜景打造，你是否期待？</h4>\r\n \r\n \r\n美景与爱总是不可辜负<br />\r\n盘龙江之景怎可辜负<br />\r\n母亲河的爱怎可辜负<br />\r\n坐于水岸边<br />\r\n赏盘龙美景<br />\r\n定是舒适的享受<br />\r\n \r\n如果盘龙江整治完成的话<br />\r\n那盘龙江景就更是美丽了<br />\r\n那么中铁·水岸青城<br />\r\n所能看到的江景就更是美丽了<br />\r\n所以，你还不来选择水岸<br />\r\n选择水岸<br />\r\n就是选择与美景相伴<br />\r\n \r\n<h5>中铁·水岸青城</h5>\r\n\r\n世界百强央企实力打造<br />\r\n精工品质筑就城市宜居<br />\r\n建面78~138㎡花园美宅<br />\r\ndarling庄园准现房城市别墅<br />\r\n逐席递减中<br />\r\n恭迎品鉴！<br />\r\n\r\n', 'owner', '2017-09-21 15:45:28');
INSERT INTO `ownertopic` VALUES ('25', '18', '备战2017昆明嘉丽泽湿地半程马拉松，这些你准备好了吗？', '<p>距离10月15日的昆明嘉丽泽高原湿地半程马拉松还有不到一个月的时间，为了比赛的荣誉，为了赢得总价最高5万的购房优惠，大家都准备好了吗？</p>\r\n \r\n<p>跑步有很多优点，小编只想说一点，那就是——“减肥”，那么到底选择什么时段跑步比较合适呢？清晨跑，时间并不充裕，路上车流、人流多，晚上时间多，但视线不好，也容易出现安全意外。</p>\r\n\r\n<h5>什么？你说中午跑？</h5>\r\n<p>可以的，来嘉丽泽，3万亩湿地的高含氧能让你远离城市尘埃，阴凉的竹荫小道轻松避开当头烈日，夜晚就在星光指引下迈开步伐，伴着虫鸣尽情奔跑……</p>\r\n\r\n<h5>嘉丽泽的最佳运动时段是全天候！</h5>\r\n \r\n<p>下面，小编就来给大家说说，各时段跑都应该注意的问题：</p>\r\n<h4>【晨跑】 </h4>   \r\n<p>优点：经过一晚的消耗，人体内的糖原已经被消耗殆尽，所以晨跑可直接消耗脂肪，对减肥更有帮助，且在剧烈运动时，可促使交感神经兴奋起来，一天都精神饱满！</p>\r\n<p>缺点：晨跑对心率和血压的提升比任何时候都要快，会对心脏产生很重的负担，这个时段血糖正处于低水平，容易导致低血糖的症状。</p>\r\n建议：可以跑前15分钟吃1、2块饼干或巧克力，补充能量，防止低血糖。一周进行2~3次，每次20~30分钟的晨跑即可。</p>\r\n \r\n<h4>【午后跑】 </h4>   \r\n<p>优点：肌肉温暖、体力充沛、心率平稳、血压较低，十分适合提升锻炼成绩。</p>\r\n<p>缺点：运动后立即进食，会引起消化不良或肠胃炎。需要注意防嗮、脱水、中暑。</p>\r\n<p>建议：正确的做法是饭前一个半小时内不运动，饭后半小时后可做散步等轻微运动，一个半小时后可做中等强度的运动，做好防嗮、补水工作。</p>\r\n\r\n<h4>【夜跑】  </h4>       \r\n<p>优点：气候凉快，出汗少，不会晒黑，空气质量较好，人体新陈代谢最旺盛，而且荷尔蒙在此时对锻炼的反应最强烈，有较好的减肥效果。</p>\r\n<p>缺点：夜晚的不安全因素相对较多，视野受限，容易发生意外，跑步后不注意保暖易受风寒入侵，容易着凉感冒。</p>\r\n<p>建议：选择自己熟悉、光线充足的地方，在跑步前3小时正常晚餐，若在跑步前两小时进食，则适宜先吃半份晚餐，剩下半份留待跑步后食用。</p>\r\n\r\n \r\n骚年，跑起来吧！<br/>\r\n从今天开始，我们一起备战2017昆明嘉丽泽湿地半程马拉松！<br/>\r\n\r\n', 'owner', '2017-09-21 16:37:56');
INSERT INTO `ownertopic` VALUES ('26', '18', '没听过这个，还好意思说自己玩极限运动？', '它，曾经是一群孩子<br/>\r\n向往在泥地里飞驰的<br/>\r\nThe one<br/>\r\n也是地球年轻人都曾经期盼拥有的<br/>\r\n那个代表面子的玩具<br/>\r\n <br/>\r\n它，是如今街头极限运动的<br/>\r\n最佳代表，有全球大赛<br/>\r\n也是国外街头文化和<br/>\r\n街头潮流的重要组成部分<br/>\r\n <br/>\r\n它，是脚踏车的升级版<br/>\r\n是野越摩托的高仿版<br/>\r\n <br/>\r\n<h4>「它就是今天的主角 BMX小轮车」</h4>\r\n \r\n<h5>「\r\n小轮车给人的\r\n是积极健康的正面形象\r\n」</h5>\r\n \r\n每一项极限运动带给人的<br/>\r\n都是热血、坚持不懈的理念<br/>\r\n而小轮车之所以成为代表之一<br/>\r\n无外乎其更加“高大上”<br/>\r\n \r\n在那个科幻片兴起的时代<br/>\r\n《E.T.》里脚踏车上天的经典桥段<br/>\r\n让世人疯狂，居然还有这种操作！<br/>\r\n于是小众的BMX小轮车运动“躺枪”<br/>\r\n大家觉得“嗯，这似乎是上天的好办法！”<br/>\r\n小轮车从此慢慢在国外火起来了<br/>\r\n <br/>\r\n接着就有了小轮车界“华山论剑”<br/>\r\n<h5>WORLD BMX DAY</h5>\r\n <br/>\r\n接着在时尚力量的推动之下<br/>\r\n成为潮流界不可或缺的灵感和时髦标志<br/>\r\n代表作有以下三个，协小信觉得都好看<br/>\r\n（请原谅Wo，看不懂LV的时尚）<br/>\r\n<h5>1</h5>\r\nLV版小轮车<br/>\r\n\r\n<h5>2</h5>\r\nColette版小轮车<br/>\r\n \r\n<h5>3</h5>\r\nadidas Originals 小轮车时尚<br/>\r\n <br/>\r\n总之，小轮车代表着的不仅仅是极限运动<br/>\r\n也代表着年轻人的时尚潮流理念<br/>\r\n真的酷哦!~~<br/>\r\n \r\n极限运动在如今网络遍布的时代<br/>\r\n成为了即网瘾之后的又一“妈妈的担心”<br/>\r\n玩BMX，看着每一个危险华丽的动作背后<br/>\r\n都有千百次的练习，千百次的“嘴啃泥”<br/>\r\n <br/>\r\n可只要还能动，拍拍土<br/>\r\n骂口脏话，再来一次<br/>\r\n只为那1%成功的喜悦<br/>\r\n\"yeah！老子成功了！\"<br/>\r\n哈哈哈！<br/>\r\n <br/>\r\n那么，如果协小信10月给你搭建<br/>\r\n一个炫酷无比的U型池<br/>\r\n你会带上爱车来吗？<br/>\r\n \r\n星光180<br/>\r\n美陈&亮化设计升级ing...<br/>\r\n届时个性鲜明，酷炫的潮流场地将全面绽放<br/>\r\n<h5>敬请期待~</h5>\r\n\r\n', 'owner', '2017-09-21 16:38:28');
INSERT INTO `ownertopic` VALUES ('27', '18', '城市生活各有不同 融创给您带来尊崇仪式感', '<h4>为什么有人能把日子过成诗？</h4>\r\n\r\n<p>因为你选择的社区不同，所以生活方式也不同。</p>\r\n\r\n<p>王小波说：“一个人只拥有此生此世是不够的，他还应该拥有诗意的世界。”但是，并不是每个人都能有幸拥这种世界。融创，入滇首创，用230万方的体量，打造了四季花园城邦社区融创·春风十里，诗意生活从此刻开启。</p>\r\n\r\n<h5>融创物业管理——专属你的生活仪式</h5>\r\n\r\n<p>曾焱冰说：“仪式感，让平凡的日子，也可以散发出光芒。”我们每个人从生下来开始，会在各种大日子里举行仪式。满月、周岁、成人礼、升学礼、毕业礼、婚礼、葬礼，都是一种仪式。然而，融创社区，给你的却是每一天都是一种仪式。在你看不见的地方，有24小时不停歇的物业管理人员来回巡守，在你看得见的地方，保安岗位24小时驻守，在你休闲娱乐的小区园林里，有清洁人员时刻在安心坚守。</p>\r\n\r\n一个礼貌的微笑，一声“您好”，为你打造融创业主专属的生活仪式感。<br/>\r\n\r\n<h5>悦璟洋房——独一无二的归家仪式</h5>\r\n融创·春风十里宽景城市洋房，奢配五重归家礼序。<br/>\r\n云门的匠造，点缀的水景，让仪式感从归家那一刻开始。<br/>\r\n水轴引路的指引感，落英缤纷夹道欢迎，所有盛世美景都指向家的所在。<br/>\r\n半合围半开阔的庭院、大气典雅的景墙、浪漫宁静的水中包厢，无论你走到了小区哪个位置，归家的仪式感都为你筑造好。<br/>\r\n\r\n\r\n<h5>一路两带三公园——全年龄段的休闲仪式</h5>\r\n\r\n<p>融创·春风十里——作为人文艺境·230万方四季花园城邦的大盘，将创造适合全年龄段休闲娱乐的归心之地。</p>\r\n\r\n<p>一路：在科普路两侧，融创会将其景观进行提升与改造。景观带道路两侧全部采用银杏或樱花楹，打造成昆明标志性的景观大道。</p>\r\n<p>两带：即海屯路退让绿化带和昆武高速退让绿化带。海屯路退让约50米的景观带已经成型；现在已经成为业主日常休闲漫步的地方，为业主提供茶余饭后休憩娱乐的圣地；昆武高速退让绿化带将整个项目与道路形成了隔离，不受到外界的干扰，同时也增加了绿色植被，整个融创·春风十里都被绿色植被包裹起来。</p>\r\n<p>三公园：童梦公园、城市光影公园、谈话广场公园三大公园的形成，满足各年龄段业主的休闲方式。小朋友可以在童梦公园度过愉快的童年成长时光，年轻人可以在城市光影公园的书吧、咖啡吧、美术馆享受艺术熏陶，老年人可以在谈话广场公园打打太极下下棋，与世无争，颐养天年。</p>\r\n\r\n<h5>全年龄段的休闲仪式，陶醉在融创·春风十里。</h5>', 'redecorated', '2017-09-21 16:39:14');
INSERT INTO `ownertopic` VALUES ('28', '18', '究竟是什么魅力，让古滇养老小镇这么火？', '暑假一到，很多家庭都开始准备出游啦<br/>\r\n赏风景、品美食、体验特色风情<br/>\r\n全家人都想趁着假期，享受盛夏好时光<br/>\r\n<br/>\r\n<br/>\r\n最近，全国的养生养老度假胜地<br/>\r\n又出新榜单啦！<br/>\r\n<br/>\r\n<br/>\r\n度假地新榜首<br/>\r\n七彩云南·古滇名城的活力养老小镇<br/>\r\n上月刚开园<br/>\r\n就成了<br/>\r\n大家争相前往的理想目的地！<br/>\r\n<br/>\r\n<br/>\r\n体验3天2晚的家庭络绎不绝地到来<br/>\r\n除了湿地公园、艺海码头等地的大美风光外<br/>\r\n最让大家迫不及待想“尝鲜”的<br/>\r\n莫过于早有耳闻的小镇特色服务<br/>\r\n<br/>\r\n<br/>\r\n文娱、医疗、商业、餐饮、管家、物管<br/>\r\n活力养老小镇6大特色服务<br/>\r\n究竟有什么魅力呢？<br/>\r\n让我们跟随小镇工作服务人员<br/>\r\n看看到这里体验的长者们<br/>\r\n是怎样在这享受自得其乐的生活？<br/>\r\n<h5>文·娱·服·务</h5>\r\n丰富多彩，怡然自得<br/>\r\n<br/>\r\n平时在家，长者们的日常生活<br/>\r\n大多是做饭收拾家务<br/>\r\n有空就去遛鸟下棋、跳跳广场舞<br/>\r\n要么就太忙，要么就剩着大把时间<br/>\r\n太无聊了有没有？<br/>\r\n来到这里，有一支带领长者游玩学习的团队<br/>\r\n为他们提供高品质的丰富生活<br/>\r\n<br/>\r\n从前落下的兴趣爱好<br/>\r\n无论是书法、舞蹈还是声乐<br/>\r\n在老年大学的10多门趣味课程里，都能重新找回<br/>\r\n遇到志同道合的朋友，还可以结伴出游<br/>\r\n<br/>\r\n喜欢亲近自然<br/>\r\n就去湿地公园、环滇慢行步道、樱花谷<br/>\r\n喜欢精致体验，就去教堂、开心果园、温泉山庄<br/>\r\n喜欢亲近自然<br/>\r\n就去湿地公园、环滇慢行步道、樱花谷<br/>\r\n喜欢精致体验，就去教堂、开心果园、温泉山庄<br/>\r\n<br/>\r\n<br/>\r\n团队组织的社区活动、节庆活动、快乐聚会<br/>\r\n不仅会让长者身体更加强健，心情也更好嘞！<br/>\r\n <br/>\r\n<br/>\r\n<h4>医·疗·服·务</h4>\r\n丰富多彩，怡然自得<br/>\r\n <br/>\r\n出门旅游，长者们不得不时刻注意身体情况<br/>\r\n带着小药箱，连当地的医院都得提前打听好<br/>\r\n小镇的滇池康悦医院，早已想到了长者的难处<br/>\r\n<br/>\r\n在这边，长期系统化的健康管理<br/>\r\n是为长者健康保驾护航的“独家妙招”<br/>\r\n只要来到了养老小镇<br/>\r\n医院就会为长者进行特色体验<br/>\r\n<br/>\r\n固定的管家和医生们，就像贴心的“健康卫士”<br/>\r\n每天都会查看长者的健康情况，并记录监测<br/>\r\n长者们可以放心在古滇各处游玩<br/>\r\n<br/>\r\n还有养老公寓里的预警设施<br/>\r\n持有急救证书上岗的全体成员<br/>\r\n社区里随时备用的救护车<br/>\r\n大型三甲医院的绿色通道<br/>\r\n子女们再也不用担心老爸老妈被疾病困扰了<br/>\r\n<br/>\r\n<h4>商·业·服·务</h4>\r\n琳琅满目，轻松悦购<br/>\r\n <br/>\r\n买买买本来是件快乐的事<br/>\r\n但对长者来说就有点折腾了<br/>\r\n大老远出门购个物<br/>\r\n找齐想买的东西要花半天时间<br/>\r\n城市里有很多供年轻人逛街休闲的商场<br/>\r\n长者们却找不到适合自己的生活圈<br/>\r\n<br/>\r\n在小镇，这些问题统统都不存在<br/>\r\n诺享生活超市有时鲜果蔬、精美西点、老年用品…<br/>\r\n长者们只要下楼<br/>\r\n即可开启便捷舒适的购物之旅<br/>\r\n<br/>\r\n想要小酌一口，滇王之酿、雲上酒坊有美酒奉上<br/>\r\n平时想约上老伙伴儿们找个地方聚聚<br/>\r\n可在茶庄和KTV里，品茗畅谈、欢唱整天<br/>\r\n<br/>\r\n而鲜花精品店、时光饼屋<br/>\r\n让长者也能安静享受DIY时光<br/>\r\n<h4>餐·饮·服·务</h4>\r\n口味丰富，养生健康<br/>\r\n<br/>\r\n<h5>究竟是什么魅力，让古滇养老小镇这么火？</h5>\r\n民以食为天<br/>\r\n因为年纪渐长，长者们做饭变得有些费力<br/>\r\n饭菜做得简单点，吃几天就腻了<br/>\r\n想改善下伙食，买菜洗菜炒菜又要忙大半天<br/>\r\n<h5>究竟是什么魅力，让古滇养老小镇这么火？</h5>\r\n小镇里每日三餐是什么样的呢？<br/>\r\n养老公寓里自带厨房<br/>\r\n长者可在家享用自己的厨艺<br/>\r\n<br/>\r\n<h5>究竟是什么魅力，让古滇养老小镇这么火？</h5>\r\n要是懒得做饭<br/>\r\n这里4000㎡的餐饮区可以尽享美味<br/>\r\n板栗烧老鸭、晋宁糟鱼、桂花粉丝煲……<br/>\r\n怡心园里滇式菜系听着就让人胃口大开<br/>\r\n\r\n<h5>究竟是什么魅力，让古滇养老小镇这么火？</h5>\r\n\r\n素月斋环境素雅，主厨烹饪的素食味美鲜香<br/>\r\n而美食广场里，数千种全国特色小吃汇聚于此<br/>\r\n让长者随时都能尝到家乡风味，惬意用餐<br/>\r\n\r\n<h5>究竟是什么魅力，让古滇养老小镇这么火？</h5>\r\n<br/>\r\n将心比心，代子女行孝<br/>\r\n独自居住的长者<br/>\r\n总会遇到些处理不了的生活难事<br/>\r\n灯泡坏了、卫生间堵了、提不动重物<br/>\r\n有时候家里请了保姆，也只能处理些家务<br/>\r\n子女不在的时候，也想日常起居都有人陪着<br/>\r\n没有谁，比小镇的管家团队更贴心了<br/>\r\n从长者初到小镇认识新朋友，到生活急事的处理<br/>\r\n再到健康管理和疾病管理，管家们都能搞定<br/>', 'owner', '2017-09-21 16:40:10');
INSERT INTO `ownertopic` VALUES ('29', '18', '昆明人收支报告，我可能上了个假班！', '这次协小信给大家讲一个<br/>\r\n刺激、伤情、具有浓重个人色彩<br/>\r\n悬疑、恐怖、陷入人生的思考<br/>\r\n可能对刚毕业的大学生造成暴击<br/>\r\n你却无可奈何的故事<br/>\r\n <br/>\r\n生存在昆明<br/>\r\n <br/>\r\n刚刚步入社会的学弟学妹<br/>\r\n翻滚在职场沼泽的领子们<br/>\r\n新的财政报告新鲜出炉<br/>\r\n“你觉得昆明的平均工资是多少”<br/>\r\n3000？4000？5000？<br/>\r\n为了后面不说卧槽，先说为敬<br/>\r\n大家随意<br/>\r\n <br/>\r\n 虽说谈钱伤感情，但不谈钱<br/>\r\n难道能给个女朋友谈谈情？<br/>\r\n在智联招聘最新的夏季薪酬中<br/>\r\n昆明的平均薪资为6592元<br/>\r\n“我还是牢牢的拖住了昆明人的后腿”<br/>\r\n <br/>\r\n我可能上了个假班<br/>\r\n我可能领的是假工资<br/>\r\n也有可能遇到了个假老板<br/>\r\n <br/>\r\n 虽然离平均线还有很大一截<br/>\r\n但只要心中热情不减.....就能<br/>\r\n每每这样想，就是忍不住<br/>\r\n <br/>\r\n接下来作为学长的协小信<br/>\r\n尽量说的简洁快速一些<br/>\r\n尽量给足学弟学妹们希望<br/>\r\n尽量不对学弟学妹们的心灵<br/>\r\n造成二次伤害<br/>\r\n <br/>\r\n假如刚毕业的你<br/>\r\n拿到了6592元的offer<br/>\r\n那么<br/>\r\n↓<br/>\r\n房租<br/>\r\n拿到这个工资的你<br/>\r\n对2000以下房子不会有feel<br/>\r\n按最低2000算<br/>\r\n这样品质的房子<br/>\r\n每月的水电煤气物业<br/>\r\n还要刨去200<br/>\r\n <br/>\r\n剩余4392<br/>\r\n <br/>\r\n ↓<br/>\r\n交通<br/>\r\n上班不迟到这样的话，是吹牛<br/>\r\n每天坐公交，算直达<br/>\r\n4×30=120<br/>\r\n加班打车费姑且算三次，不过分<br/>\r\n20×3=60<br/>\r\n第二天起不来床打摩的<br/>\r\n15×2=30<br/>\r\n打了摩的还迟到了<br/>\r\n10×？=？0或者？00<br/>\r\n这里协小信就不加了<br/>\r\n120+30+60=210<br/>\r\n <br/>\r\n剩余4182<br/>\r\n <br/>\r\n吃<br/>\r\n这是最不确定的因素，谁不想吃点好的<br/>\r\n按省一点来算<br/>\r\n一天三顿，每顿平均12块<br/>\r\n12×3×30=1080<br/>\r\n好友不定时约饭<br/>\r\n按300算<br/>\r\n1080+300=1380<br/>\r\n <br/>\r\n剩余2802<br/>\r\n <br/>\r\n穿<br/>\r\n↓<br/>\r\n拿着6000块的工资<br/>\r\n仪表一定不会差<br/>\r\n至少穿的整洁大方<br/>\r\n每月添置新衣是必然选项<br/>\r\n500块差不了<br/>\r\n <br/>\r\n剩余2302<br/>\r\n <br/>\r\n 是不是觉得有结余！<br/>\r\n挺棒棒的！<br/>\r\n那是不可能的！<br/>\r\n <br/>\r\n 下面的协小信就不一一算了<br/>\r\n生活用品、零食、化妆品、游戏氪金<br/>\r\n妹子有难支援、死党有难支援<br/>\r\n随份子、随满月、各种随<br/>\r\n唱歌、电影、小吃街<br/>\r\n总会有各种方式掏空你的钱包<br/>\r\n <br/>\r\n <br/>\r\n但“做人最重要的就是开心啦”<br/>\r\n除了努力工作也要学会放松自己<br/>\r\n忘记烦恼，放纵发泄<br/>\r\n来星光180 happy一下<br/>\r\n才有力量继续为明天而奋斗！<br/>\r\n <br/>\r\n想喝酒？<br/>\r\n <br/>\r\n你想要的酒吧调调这里有<br/>\r\n醉龟、脸谱、TOMORROW<br/>\r\n爵士、电音、美女帅哥<br/>\r\n <br/>\r\n想吃饭？<br/>\r\n <br/>\r\n中餐、日料、韩式<br/>\r\n小肥羊、簋街侃蟹、韩斯培斯<br/>\r\n <br/>\r\n <br/>\r\n想一个人坐坐？<br/>\r\n <br/>\r\n咖啡馆、奶茶铺子<br/>\r\n懿觅、贡茶、时光印记<br/>\r\n <br/>\r\n <br/>\r\n 那就先不打扰了~！<br/>', 'owner', '2017-09-21 16:40:51');
INSERT INTO `ownertopic` VALUES ('30', '18', '权威解读 |2017下半年房地产市场走势', '<p>2017年上半年，在因城施策导向下，各地政府积极深化房地产政策调控，多城市楼市政策调整密集出台，积极稳定市场预期。在调控政策积极深化的背景下，下半年房地产市场将如何走？与此同时，随着大数据及相关新技术手段在各行各业的广泛应用，如何运用可视化大数据判断未来市场变化？如何合理布局规避风险、高效做出科学投资决策？</p>\r\n\r\n<p>中国指数研究院于2017年7月14日，在京举行“2017上半年中国房地产市场形势总结 · 未来投资策略”闭门交流会。从宏观环境、调控政策、市场走势、土地市场及企业策略等方面剖析当前市场特点，并根据全国地级以上城市房地产开发投资吸引力评价成果解析不同城市群及区域的发展特点，探讨未来发展趋势。</p>\r\n\r\n<p>2017年上半年，地方继续因城施策，调控效果逐步显现。代表城市新房整体成交面积下行，价格趋稳；住宅用地供需均增长，其中一线城市推出、成交量增长明显。在市场调整预期不断加强的背景下，品牌房企随行就市调整销售策略，销售重心前移，业绩表现优异。下半年，在经济趋稳、热点城市房贷存收紧预期的背景下，全国商品房销售量价将出现调整，预计全年销售量价回调，新开工小幅下降，投资增速放缓。</p>\r\n', 'owner', '2017-09-21 16:41:33');
INSERT INTO `ownertopic` VALUES ('31', '18', '大美城市，哪里置家最好？', '<p>春城无处不飞花，在春城，遍地都是美景，遍野花香。也正因为此，很多人特别是外省眷恋四季如春之舒适，毅然决定将家安置在这座美丽的城市。</p>\r\n昆明，因气候而迷人，因文化而诱人，留在昆明，的确是不错的选择！<br/>\r\n大美城市，哪里置家最好？<br/>\r\n有一块热土，频频攀上昆明楼市热搜榜。<br/>\r\n究其原因，不外乎以下几个：<br/>\r\n\r\n<h5>政策支持是首要</h5>\r\n\r\n<p>滇池片区，作为目前昆明主城范围内可供开发面积最大、区位优势最好、发展潜力最强的区域，在政策的大力支持下，一直建设进展顺利。</p>\r\n\r\n<p>通过多年努力，昆明市及官渡区将该片区打造为配套设施齐全、交通组织流畅、建筑风格统一、景观特色显著、区域品质高端的南部城市副中心及环滇池旅游发展带和都市休闲目的地，滇池片区一直是昆明市重点发展区域，国家政策的大力支持，投入大量财力、物力，交通的便捷性已居昆明之首。</p>\r\n\r\n<p>滇池的治理是可持续发展的重中之重。环绕滇池发展的项目，必须符合轻能源，小污染乃至无污染。绿化的大面积覆盖将这块片区的精致之美再添新装。 </p>\r\n   \r\n<h5>湿地气候着人醉</h5>\r\n\r\n　<p>摊开云南地图，滇池处于显眼的“心脏位置”，通往缅甸、越南、老挝、四川、贵州、广西以及云南各地州的的高速路均在这里汇集。重要的地理区位注定了这里的不平凡。</p>\r\n\r\n<p>作为全国十二个旅游度假区中位于内陆省的旅游度假区，滇池国家旅游度假区南濒滇池，北靠市区，东连昆明泛亚金融产业中心，西与西山森林公园隔湖相望。片区内空气质量好，湿度较大，是昆明数一数二的风水宝地，更是目前公认的高端住宅区。</p>\r\n\r\n<p>别墅群、滇越铁路主题公园、海埂公园、草海湿地公园、西山森林公园、昆明滇池高尔夫……，这些对于人居板块滇池国家旅游度假区来说，就是生活中的一部分。</p>\r\n\r\n<h5>大牌云集创辉煌</h5>\r\n\r\n<p>滇池旅游度假区板块是滇池路、广福路两条城市主干道的交叉地，这里覆盖省级政务办公区并、紧邻昆明泛亚金融产业中心，交通通达全城，这一板块的核心位置更是的价值宝地。</p>\r\n特别是2014年举办南博会开始，众多品牌商家入驻，已聚集了大量人气。<br/>\r\n\r\n<p>基于板块价值的优越性，这里吸引了仁泽地产、俊发地产、博欣地产、奥宸地产、恒大地产、云南城投等一批兼具实力与眼光的地产开发商，深耕扎土在这块土地上，为这里的繁荣撑起一片蓝天。借助滇池自然环境的优势，为居住者提供了人居价值的生活享受。</p>\r\n\r\n<h5>结束滇池度假区居住项目时代</h5>\r\n\r\n<p>据《滇池度假区详规：海埂片区原则上不新开发居住项目》的约定，海埂悦府之后，滇池度假区不再有居住项目。</p>\r\n\r\n<h5>（1）130亩美景环绕项目</h5>\r\n<p>海埂悦府项目毗邻70亩市政樱花公园，业主的未来生活将从这里起航，饭后的闲聊散步、周末的游玩会友、休息时候的跑步露营，就在家门口，何乐而不为。\r\n另外，对于喜爱高尔夫运动的人来说，60亩万达高尔夫球场满足你的喜好，练习场、2000㎡会所、提供随时会友场地。</p>\r\n<h5>（2）生活配套齐全</h5>\r\n<p>金格奥特莱斯、爱情海、南亚、万达广场等昆明市区一线购物场所，“三级甲等”昆明同仁医院、儿童医院、永昌湿地公园、海埂运动基地、红塔体育中心······3公里内可满足业主购物、医疗等生活配套需求。</p>\r\n<h5>（3）全方位星级服务</h5>\r\n<p>海埂悦府项目设计有多种精装方案，供业主自由品选配，让入住更省心。\r\n另外，地下拥有700个阳光车位，采用威卢克斯物理采光技术，阳光照亮地下车位，终结区域社区地下车位又少又阴深情况。并且实现智能化停车管理系统，安全、私密、便捷智能化系统一步到位。</p>\r\n<br/>\r\n项目紧挨在建的地铁5号线的滇池卫城站和金海新区站，为业主未来的出行提供了便捷服务。<br/>\r\n<br/>\r\n<p>据了解，海埂悦府目前在售8栋、10栋12层纯板式花园洋房，建筑面积为138-308㎡，含赠送后售价1.5万元/㎡。现购房可享受交4万抵10万，毛坯房预计2018年3月交房，装修房预计2018年9月交房，项目主体已封顶。</p>', 'owner', '2017-09-21 16:42:05');
INSERT INTO `ownertopic` VALUES ('32', '18', '十悦花境|不负繁华，刷新一座城市的人居理想', '为爱建一座城池，自此不让你的心，流落他方。<br/>\r\n城中，专属于你的艺术匠造，专情于你的绿意芳华，专注于你的贴心服务，专心于你的幸福居家。<br/>\r\n融创·春风十里，入“滇”半载，匠心筑造，为您献上十悦花境。<br/>\r\n <br/>\r\n<h5>壹悦---畅行之悦</h5>\r\n\r\n<p>四通八达，南来北往，阅尽城市之繁华，坐享花栖万家。融创· 春风十里，双地铁（建设中的地铁四号线和七号线）、二环快速路呈众星拱月之势，环绕其周围。为心修一条路，让你找到归心之路。</p>\r\n\r\n<h5>贰悦---公园之悦</h5>\r\n\r\n<p>山不在高，有仙则名；水不在深，有龙则灵；而融创·春风十里选址于一个钟天地之灵秀，蕴山水之华英的两山合抱之间，正是匠心独运。\r\n举目眺望，那逶迤而来的是长虫山和玉案山。“东骧神骏，西翥灵仪，北走蜿蜒，南翔缟素”，其中，“北走蜿蜒”说的便是长虫山。“松鸣天籁玉珊珊，万象常应护此山。一局仙棋苍石烂，数声长啸白云间。”此诗说的便是玉案山。由此可见，无数的文人墨客对这两座山赞之又赞，赏之又赏。</p>\r\n\r\n<h5>叁悦---花境之悦</h5>\r\n\r\n<p>一花一世界，一叶一追寻，一曲一场叹，一生为一楼。疏密有致、高低错落的精致花园，以长廊形式分布，蜿蜒有致，一花一叶都经过园林师精剪细裁。</p>\r\n\r\n<h5>肆悦---艺文之悦</h5>\r\n\r\n<p>所谓行为艺术是指在特定时间和地点，由个人或群体行为构成的一门艺术。而融创·春风十里的物业和安保系统，融入英国王室管家礼仪，不仅仅只是安全的保障，更是一种艺术的观赏，优雅从容的举止、恰到好处的微笑，只为献给尊贵的你。</p>\r\n\r\n<h5>伍悦---奢居之悦</h5>\r\n\r\n<p>于细节处见“臻致”，于毫厘间显卓越。每一处细致的角度构造，每一块材料的精心打磨，流线型的造型设计，光影之间，阳光和生活便愉悦尽享。</h5>\r\n\r\n<h5>陆悦---繁华之悦</h5>\r\n\r\n<p>繁华不负，咫尺之间便同“海市蜃楼”。逛街、购物、生活，融创将其巧妙地结合在一起。半径三公里范围内正大紫都家乐福、启鸿假日城市沃尔玛、春城慧谷商业区、西城时代商业中心等诸多商业。</p>\r\n\r\n<h5>柒悦---活力之悦</h5>\r\n\r\n<p>鱼儿水中游，鸟儿林中乐，枝头嫩芽发，蓝花楹随风笑。走在栽满蓝花楹和银杏树的融创·春风十里景观大道上，有孩提的欢笑，有家长的轻唤，有老人的高谈阔论，有宠物的奔跑。融创·春风十里，臻心筑造，打造充满活力的大型社区。</p>\r\n\r\n<h5>捌悦---邻里之悦</h5>\r\n\r\n<p>嬉笑、问候、聚会，你以为这些是好朋友之间才会发生的吗？\r\n自古远亲不如近邻，融创深谙此理，在其每个社区都举办邻里节活动。从此，邻里间不再做最熟悉的陌生人。</p>\r\n \r\n<h5>玖悦---匠造之悦</h5>\r\n\r\n<p>太阳不语，自有一种光辉；高山不语，自是一种巍峨；蓝天不语，自是一种高远；大地不语，自是一种广博；融创·春风十里，岿严不动，自是一种气质！</p>', 'owner', '2017-09-21 16:42:38');
INSERT INTO `ownertopic` VALUES ('33', '18', '华夏·天璟湾实景体验区开放盛典璀璨落幕：滇池路最后的城市别墅引全城关注', '<p>一场藏品极别墅与臻致珠宝的华美盛宴，点亮了滇池路上最后的城市别墅——华夏·天璟湾，6月10日名为“品私园御墅，鉴珠光华宝”华夏·天璟湾实景体验区暨世界顶级珠宝品鉴会令众多贵宾与社会名流慕名而来，开放首日便获誉颇丰、耀眼全城。</p>\r\n \r\n<p>别墅是每个人心中的居住梦想，而在每个别墅阶层的心中，华丽的珠宝更是一种不泯的情结。昆明高端地产领军者“华夏阳光”标杆钜作-华夏·天璟湾诚邀顶级珠宝藏品联袂打造的高端珠宝展，难得一见的奇珍异宝静静卧于水晶格中，在光线的映衬下熠熠夺目、尊贵奢华，让不少熟悉珠宝臻饰的贵宾赞叹称奇，表示不枉此行。</p>\r\n \r\n<p>华夏·天璟湾，作为专注于昆明高端人居领域的龙头企业华夏阳光在滇池路的大手笔，在2016年一经面世便引起了市场的高度关注。一直专注于滇池路深度开发的华夏阳光，本次撷取新亚洲园林时尚典雅之境，将国际、浪漫的气质与底蕴注入城市别墅。经过近三年的精雕细琢，如今华夏·天璟湾带着特有的新亚洲文化基因，终于呈现在了公众的面前。</p>\r\n \r\n<p>首次对外开放的实景体验区，在络绎不绝的参观体验贵宾中留下了令人深刻的印象。掩映于多种稀贵树木之中，手工雕琢西奈珍珠石、黄金麻花岗岩外立面，引水在别墅之间流动，设计灵感来源于莱特的流水别墅和颐和园的中国皇家园林，令到访嘉宾惊叹不已！</p>\r\n \r\n<p>在这样的高雅与华贵间，东方的生活意境跃然于眼前，城市喧嚣仿若已是另一个世界。天璟湾前所未见的城市别墅生活，已然成为整个昆明高端人居的新标杆。</p>\r\n\r\n<p>在实景体验区内，到访嘉宾漫步于各层典雅舒适的生活图景中，或是在会客厅内小酌一杯、香茗四溢；或是留恋与纯真孩童空间内动静益彰的美好中；或是融入一种格调清雅、聆水观天的午后庭台间……一切存于脑海间对生活的无限遐想与勾勒，在华夏·天璟湾的空间中都能触手可及！</p>\r\n \r\n<p>本次活动让大家再次领略了华夏·天璟湾高端的圈层定位与独特的人文气质，与世界顶级珠宝的艺术气息相互辉映，谱写了一座分外耀眼的人居华章。每一层灵动典雅的居住图景，演绎着属于生活的理想风貌，而忘情地融入其间，更对这份未曾实现的梦想有了清晰具象的诠释！</p>\r\n\r\n<p>而今，华夏·天璟湾仅推出20套类独栋、双拼、联排三种别墅产品，面积约为434-1928平方米。随着滇池禁墅令的颁布，华夏·天璟湾将成为滇池路板块城市别墅的绝唱，必将引发抢占滇池路纯墅区的热潮。</p>', 'owner', '2017-09-21 16:43:07');
INSERT INTO `ownertopic` VALUES ('34', '18', '买完房该做哪些准备', '<p>拿到房型图之后，要充分发挥每一位家庭成员的想象力，对小家的角角落落、点点滴滴……不怕你想得太周全，就怕你想不到！想不到的地方越多，抓瞎的地方就越多！</p>\r\n<p>在交房之前，多去小家实地考察。考虑设想的越周全、越仔细、越详尽越好。可以一个工种一个工种的去思考：家装无外乎就是水电工、木工、油漆工。还有家具的选择趋向、软装饰的偏好等，多想想绝对是一件大好事。</p>\r\n确定好小家想要的风格、色调、感觉，然后才好有的放矢。<br/>\r\n关于亮点，交给设计师，我们只管考虑实用和使用方面的问题。<br/>\r\n<p>不管你最终是选择清包、半包还是全包，至少，主要的东西还是全都要自己来拿主意！！！这些东西包括：地板、瓷砖、乳胶漆、油漆、主要的木板、水管、电线，还有和装修配套的橱柜、洁具、灯具、各种龙头等五金件、窗帘等………………</p>\r\n<p>对于前期作准备来说，了解市场行情是必然的，也好看看自己荷包的承受能力。同样的面积，从几万到几十万到几百万的装修预算，看看自己能拿出来的有多少？凡事要量力而行。</p>', 'redecorated', '2017-09-21 19:17:14');
INSERT INTO `ownertopic` VALUES ('35', '18', ' 装修攻略|地板大块头', '<p>对于家装，在刚开始接触装修的时候，能够想得到的要考虑的事情之一肯定会有地板。因为这是家装的一个大项目了，一般大约会占据10%的分量，如何能够小视呢？</p>\r\n<p>在挑选地板的时候，首先要考虑的是装修预算，没有钱，那岂不是说什么都是白搭白扯么？合理安排预算才能比较安稳的装修好房子，所以钱是首要考虑的。</p>\r\n<p>其次要仔细考虑买哪一大类的地板，实木地板、实木复合地板、复合地板、竹地板。这个问题为什么只是考虑呢？因为在这几大类别当中，价格是参差不齐的，相差很多也不奇怪，也许某品牌的复合地板价格都能购买其他品牌的实木地板了，也许某品牌的复合地板价格却只有某品牌的实木地板价格的几分之一哦，所以这个问题需要的只是仔细考虑，不需要急着确定出大方向。</p>\r\n第三要认真比较各品牌的性价比，这其中，质量、价格、服务，一个都不能少。<br/>\r\n实木地板，华丽、高雅、难打理，价格也通常比较高昂；<br/>\r\n实木复合地板，品种款式不是非常多，较好打理，价格跟实木地板有得一拚；<br/>\r\n复合地板，花样繁多，几乎不需要特殊打理，平时略加注意就好，价格便宜；<br/>', 'redecorated', '2017-09-21 19:17:42');
INSERT INTO `ownertopic` VALUES ('36', '18', '装修攻略|玩转水电工之水路', '<h4>水路：厨房和卫生间</h4>\r\n厨房：<br/>\r\n<p>需要考虑油烟机、灶具、水槽、净水器、食物垃圾处理器、冰箱、燃气热水器、微波炉、电磁炉、电火锅、咖啡机、豆浆机、消毒柜、各种餐具以及锅碗瓢盆、瓶瓶罐罐等。</p>\r\n厨房的水路主要就是水槽的位置。<br/>\r\n燃气系统主要就是灶具和燃气热水器。<br/>\r\n还要看各家习惯，不是全都必须安置在厨房内，万一厨房很小怎么办？偶家冰箱就在餐厅一角。<br/>\r\n而且有些东西也不是必需品或者是不适合自己的必需品，选择自己喜欢的、合适的就好了，不要去追求所谓的面子和可能、也许。<br/>\r\n卫生间：<br/>\r\n需要考虑浴缸（或木桶、淋浴房）、马桶、台盆柜、拖把池、洗衣机、浴室镜、各种挂件和置物架等。<br/>\r\n马桶位置是核心，一般来说，较好是能不移动就不移动，为了下水通畅，以免日后长期遭殃。<br/>\r\n如果只是尺寸略有偏差，一般十厘米以内是可以的，移位器就是来解决这个问题的。<br/>\r\n<p>如果要远距离大范围的修改移动，奉劝你，别给自己找事。不是说一定不成功，而是概率很小很小。而且楼下的和物业能答应么？即便只是在自家屋里折腾，管子走向、提升高度、基座大小、可能的日后遗留问题等，你能确定这样做真的好么？</p>\r\n浴缸，下水要好一些的，否则拆修起来非常麻烦。不管怎样，砌浴缸的时候一定要留安全检查口哦。<br/>\r\n', 'redecorated', '2017-09-21 19:18:15');
INSERT INTO `ownertopic` VALUES ('37', '18', '装修攻略|玩转水电工之电路', '<h4>电路：遍布家中的角角落落</h4>\r\n<p>先要划分功能空间：客厅、餐厅、厨房、客卫、主卫、主卧室、次卧室、老人房、儿童房、保姆房、书房、客房、小会客厅、休闲区、多功能室、储藏室、衣帽间、过道、楼梯、南阳台、北阴台、露台、空中花园等。</p> \r\n根据需要，确定好哪些功能空间是必须有的，哪些是兼得的、哪些是没有的或舍弃的。先看照明，也就是开关部分。<br/>\r\n<p>每个功能空间，顶灯一般都是需要的，特殊场所还需要特殊灯光。比如：装饰灯、壁灯、落地灯、床头灯、台灯、地灯、夜灯、还有厨房上柜底面的罩灯、卫生间里的镜前灯、浴霸或暖风机、单独的风扇、以及其他独特的灯和需要开关控制的等。</p>\r\n再考虑插座部分。<br/>\r\n一般来说，除去空调和电热水器需要单独走一路并且安排16A的插座以外，其余的10A即可。<br/>\r\n浴霸的开关一般都是电器自带的。<br/>\r\n根据各功能空间中所要安排的电器的多少，再分别各自多预留两三个即可。<br/>\r\n<p>安排插座的时候，一定要看清楚你所要安排安装的电器的插头是几孔的！！！如果不清楚、不确定就先去市场调查一下，绝对有用。</p>', 'redecorated', '2017-09-21 19:18:40');
INSERT INTO `ownertopic` VALUES ('38', '18', '木工——让你的新房更增韵味', '木工活，可多可少，就看你怎么选择了。<br/>\r\n<p>我能想到的有：门、门套、踢脚线、阴角线、吊顶、隔墙、博古架、置物架、搁架、地楞、橱柜、书柜、衣柜、鞋柜、电视柜、玄关柜、餐边柜、浴室柜等各种柜子和木制品。</p>\r\n<p>可是这其中的很多甚至绝大部分都有成品或者半成品了，真正一定需要木工手工做的，大概就只有隔墙和地楞了，踢脚线和阴角线都有成品直接安装就好了：）</p>\r\n这样一来，摆在大家面前的就是到底是让木工做、还是直接买成品呢？<br/>\r\n那么就比较一下：<br/>\r\n木工做的：<br/>\r\n多数应该会选用比较环保的杉木板+饰面板+线条装饰等；<br/>\r\n要做好刷漆封板工作，以减少受潮变形的机会等；<br/>\r\n如果不是传统工艺，牢固度也未必一定很可靠，毕竟也是钉子和木板啊；<br/>\r\n在外观上，跟成品的相比较肯定是要差不少的；<br/>\r\n至于成本，跟中低档成品估计差不多。因为人工费、材料费的来去也蛮大的，不见得一定便宜。<br/>\r\n买成品的：<br/>\r\n完全成品的，现在多选三聚氰胺板的板式家具，性能较稳定；<br/>\r\n品牌非常多、价格相差也相当的悬殊，实在是鱼龙混杂；<br/>\r\n还有可以量身定做的各种橱柜、书柜、衣帽间等，在外观上虽比不上完全成品，但是比手工的还是强很多哦；<br/>\r\n这些一般都是展开面积计算的，要计算清楚哦；如果有按照投影面积计算的就好了。<br/>\r\n<p>至于成本，要看你的运气了，如果能遇上真正的大促销、大特价、大甩卖、大清仓，那绝对是赚了；如果遇不到，还要看你的砍价水平，如何凭借三寸不烂之舌，拿到你的心理价位；如果这也不行，那就只能随大流了。</p>\r\n<p>关于成本的比较，可以举个例子：上下柜包括台面的价格是800元/米上下的橱柜，并且在材料、配件、做工、质量等方面都还差不多的，这个成本跟让木工做、自己买材料的成本是差不多。</p>\r\n所以要多转市场，多了解市场行情，对自己需要的多关心、多打听。<br/>', 'redecorated', '2017-09-21 19:19:04');
INSERT INTO `ownertopic` VALUES ('39', '18', '绚烂油漆，为你的房子增姿添彩', '<h4>一般有木器漆、乳胶漆、墙纸</h4>\r\n木器漆：<br/>\r\n顾名思义，肯定是用在木器上的，也就是各种木制品上了。<br/>\r\n大品牌不是很多，倒是比较好挑选，而且较好是选择最初并且长期占据技术、工艺、质量、销量、口碑好的品牌。<br/>\r\n<p>比方说西门子的冰箱，飞利浦的剃须刀，夏普的平板电视，这些是偶感觉很不错的品牌和主打方向。不是给他们做广告，只是说明这么一个意思而已。</p>\r\n至于木器漆，偶比较看好华润、欧龙、长春藤。紫荆花的假冒伪劣太多了些，实在不好说。<br/>\r\n木器漆的种类也有很多，根据对颜色、风格的需要来选择种类吧。<br/>\r\n木器漆也是根据需要的涂刷面积来决定所需要的升数，然后根据这个升数，在不同品牌、不同品种、不同规格的单位包装上挑选出最适合的。<br/>\r\n这可也是一门学问。计算不好，一样会浪费很多，而且这些个还不能存放。<br/>\r\n一组木器漆涂刷不了几个平米，加之起码需要三底两面，其实需要量还是蛮大的，真的不可小视！<br/>', 'redecorated', '2017-09-21 19:19:26');
INSERT INTO `ownertopic` VALUES ('40', '18', '乳胶漆使用攻略', '还有水性涂料等这些都是用在墙面上的。首先自然也是计算面积了。<br/>\r\n简单的估算方法有三种：<br/>\r\n涂刷面积=购房面积（套内建筑面积+公摊面积）*2.5<br/>\r\n涂刷面积=套内建筑面积（套内使用面积+墙体面积）*2.8<br/>\r\n涂刷面积=套内使用面积（装修预算中各功能空间的水平投影面积）*3<br/>\r\n涂料的包装一般有1L、5L、20L，要想知道最正规的出厂生产规格，只有到各品牌网站去查找答案了。<br/>\r\n<p>高档的一般只有1L、5L，低档的才会有20L却没有1L。而且现在是假冒伪劣盛行，搞清楚规格也快要成了一项家装必修课了。</p>\r\n<p>在施工现场，还要给自己辛辛苦苦买来的正品做上记号，而且要让工人务必保留空桶。不保留的就当作丢了一桶，工人要照价赔偿。</p>\r\n<p>因为同种类的空桶子实在是太多了，很容易做手脚的，千万不要觉得不好意思，真得实在是没什么不好意思地，反正后悔药是绝对没有的。</p>\r\n装修公司和工人都喜欢用立邦，因为实际的兑水率可以非常大，这可是偷工减料的大好时机啊！他们怎能错过呢！<br/>\r\n<p>如果是大师漆，有严格的兑水要求，要不然就会做不好，所以胡作非为的也就少了。顺便说一句关于大师漆不用底漆的宣传，还是用上的好，底漆面漆，分工不同，质量再好，也还是各司其职比较好。</p>\r\n不同产品，理论涂刷面积会相差很多，所以在产品包装上都写得有各自的理论涂刷面积。<br/>\r\n用上面估算出来的涂刷面积除以理论涂刷面积，一底两面，计算出底漆面漆各自需要的桶数。<br/>', 'redecorated', '2017-09-21 19:19:47');
INSERT INTO `ownertopic` VALUES ('41', '18', '装修实战|隔音', '<p>很多房子在修建的时候隔音效果没做很好，因此噪音的问题给很多人带来烦恼，不仅影响着大家的日常的生活，同时也影响着我们的睡眠，为了让大家有一个安静的生活，今天就来介绍几个解决室内噪音的方法。</p>\r\n<h4>1、窗户</h4>\r\n<p>双层玻璃相较于单层玻璃，隔音的效果有了很大的提升。而双层玻璃也分为了真空玻璃、夹层玻璃以及中空玻璃，这三类隔音效果顺序由好到差依次是真空玻璃、夹层玻璃以及中空玻璃。</p>\r\n<h4>2、钢门</h4>\r\n<p>钢门对隔音亦有一定的帮助，如镀锌钢门中层隔有空气的设计，使得无论室内或室外的声音均较难传送开去。此外，钢门附有胶边，与门身碰合时并不会发出噪音。</p>\r\n<h4>3、隔音膜</h4>\r\n<p>安装隔音膜只要将其贴在玻璃上就可以了，隔音膜的效果和密封条、隔音玻璃相比效果差不少，一般来讲不建议使用。</p>\r\n<h4>4、隔墙</h4>\r\n<p>现在有一些房子采用轻质空心砖做外墙，这些材料密封性较差，如果汽车噪声对自己的影响很大，还可以在靠马路的墙上加一层纸面石膏板，墙面与石膏板之间用吸音棉填充，然后再在石膏板上粘贴墙纸或涂刷墙面涂料。</p>\r\n<h4>5、地毯</h4>\r\n<p>对于振动摩擦这些中低音，可以采用地毯织物来减弱它们对室内的影响。虽然政府为整治城市噪音污染也采取了相当多的措施，在一定程度上也缓解了噪音问题，但是噪音污染还是有的，想追求更安静的生活环境，学会选择一些有效的隔音材料来“武装自己的房子”。</p>\r\n<h4>6、密封条</h4>\r\n<p>密封条也是一种隔音条，专门用来处理窗户缝隙，有胶条与毛条这两类。胶条使用在玻璃与窗框和窗扇的密封。毛条则是密封框和扇之间的缝隙。孔和缝隙处理好了之后，隔音效果自然就好了。</p>\r\n<h4>7、隔音窗帘</h4>\r\n<p>隔音窗帘的隔音能力比隔音膜要好，市场上有专业的隔音窗帘，需要专业的人员来安装，同时价格比较贵。当然也可以通过加厚家里使用的普通窗帘，使用双层或是多层来降低噪音，也可以起到一定的隔音作用。</p>', 'redecorated', '2017-09-21 19:20:09');
INSERT INTO `ownertopic` VALUES ('42', '18', ' 装修心得体会', '1.混油门框收口－－－用白木、印尼白木或椴木；尽量不用松木。<br/>\r\n    2.家具能不做就尽量不做。<br/>\r\n    3.水路改造后要做防水，特别是开槽部分。<br/>\r\n    4.暖气尽量不用包，可用暖气罩。<br/>\r\n    5.窗套及亚口可不包。<br/>\r\n    6.非防水的腻子要铲掉，防水腻子不用。<br/>\r\n    7.买材料或电器够用。实用就行，不一定要追求名牌(除非您钞票多的放在床铺底下)。<br/>\r\n    8.最好在保洁做后再勾缝，不然缝隙会脏。<br/>\r\n    9.布线要事先想好，不然后续使用不顺手。<br/>\r\n    10.吊顶的龙骨要做防腐和防火。<br/>\r\n', 'redecorated', '2017-09-21 19:20:29');
INSERT INTO `ownertopic` VALUES ('43', '18', '我的装修心得', '1.铺复合木地板需找平的话，要尽量早做，否则会拖延入住时间。<br/>\r\n    2.水路改造后要加压试验(特别是布暗线)，否则睡觉都不安稳。<br/>\r\n    3.布线中间尽量不要接头，否则时间长，容易接触不良。<br/>\r\n    4.电线布线时要注意，有的缺德少了根地线(全包者更容易发生)，且接线时火线、零线与插座尽量接对；电线最好用不同颜色区别(如火线用红色等)，这样便于接线和日后维护。<br/>\r\n    5.吊顶的射灯处温度很高，要注意周围是否有易燃物品。<br/>\r\n    6.买瓷砖最好到七里庄，据说价格便宜不少。<br/>\r\n    7.座便最好买喷射式吸虹，据说声音相对较小且冲得干净(未考证不知对否)<br/>\r\n    8.座便安装不要用水泥包着，据说日后不好维护<br/>\r\n    9.铝扣板吊顶尽量用专用木龙骨(不知什么样子)<br/>\r\n    10.非沉重墙防裂处理据说用牛皮纸比的确良布好<br/>', 'redecorated', '2017-09-21 19:20:46');
INSERT INTO `ownertopic` VALUES ('44', '18', '装修过来人的收获', '1. 铺完波化砖后，一定要做好保护措施，否则不小心会给您意外的“惊喜”。<br/>\r\n    2. 网络、电话、有线等布线完毕后，最好事先测试一下，否则届时不通干着急，纵然您有火眼金星也没咋。<br/>\r\n    3. 调瓷砖时如对颜色较在意者，一定要在自然光下看颜色，否则买回后您恨不得把它砸掉。<br/>\r\n    4. 买木地板验货时，要每箱清点数量，否则有些JS会缺斤少两、偷梁换柱。<br/>\r\n    5. 包立管尽量不用水泥板，用砖。(原因请DX指点)。<br/>\r\n    6. 墙为内保温的话，地吸尽量安在地上，据说安在墙上容易拉坏。<br/>\r\n    7. 针对有造型或设计时您有特别要求的地方，在施工开始时，一定要让设计师跟施工人员说清楚，否则有可能三不像。<br/>\r\n    8. 在与装修公司或装修队商谈最终价格时，建议采用折扣方式，并且要明定增加部分的价格也按此折扣算(当然要防止其报高价)；尽量不用一刀切谈价，防止他们经常用的一招“底开高走”。<br/>\r\n    9. 在购买各种材料时，如同时在同一家店买不同东西时，千万注意不要顾此失疲，丢了西瓜拣芝麻。<br/>\r\n    10. 购买东西，尽量要开正式发票，以便退货、索赔等等，有用的很。<br/>', 'redecorated', '2017-09-21 19:21:05');

-- ----------------------------
-- Table structure for ownertopiccomment
-- ----------------------------
DROP TABLE IF EXISTS `ownertopiccomment`;
CREATE TABLE `ownertopiccomment` (
  `ownerTopicCommentId` int(11) NOT NULL AUTO_INCREMENT,
  `userId` int(11) NOT NULL,
  `ownerTopicId` int(11) NOT NULL,
  `comment` varchar(255) NOT NULL,
  `commentTime` datetime NOT NULL,
  PRIMARY KEY (`ownerTopicCommentId`)
) ENGINE=InnoDB AUTO_INCREMENT=22 DEFAULT CHARSET=utf8;

-- ----------------------------
-- Records of ownertopiccomment
-- ----------------------------
INSERT INTO `ownertopiccomment` VALUES ('18', '18', '24', '盘龙江景本就美的醉人,改造后的盘龙江,定能够更加美丽,增加的不仅仅是美丽江景!好像去逛一圈！！！', '2017-09-21 15:49:30');
INSERT INTO `ownertopiccomment` VALUES ('19', '19', '24', '快来云大玩啊！！！', '2017-09-21 15:52:31');
INSERT INTO `ownertopiccomment` VALUES ('20', '18', '25', '当你觉得孤独无助时，想一想还有十几亿的细胞只为了你一个人而活。', '2017-09-21 16:45:56');
INSERT INTO `ownertopiccomment` VALUES ('21', '18', '33', '世界如此广阔，人类却走进了悲伤的墙角。', '2017-09-21 16:47:37');

-- ----------------------------
-- Table structure for redecoratedinfo
-- ----------------------------
DROP TABLE IF EXISTS `redecoratedinfo`;
CREATE TABLE `redecoratedinfo` (
  `redecoratedId` int(11) NOT NULL AUTO_INCREMENT,
  `redecoratedFunction` varchar(20) NOT NULL,
  `redecoratedStyle` varchar(20) NOT NULL,
  `redecoratedArea` varchar(20) NOT NULL,
  `redecoratedPrice` int(11) NOT NULL,
  `redecoratedImageName` text,
  `redecoratedPhone` varchar(20) NOT NULL,
  `redecoratedDescribe` text NOT NULL,
  `redecoratedCategory` varchar(20) NOT NULL DEFAULT '',
  PRIMARY KEY (`redecoratedId`)
) ENGINE=InnoDB AUTO_INCREMENT=55 DEFAULT CHARSET=utf8;

-- ----------------------------
-- Records of redecoratedinfo
-- ----------------------------
INSERT INTO `redecoratedinfo` VALUES ('27', '客厅', '简欧', '91-120平米', '200000', 'http://localhost:8080/Images/images/redecoratedImage/简欧客厅3.jpg56jee.jpg', '13994848757', '欧式风格装修最大的特点是在造型上极其讲究，给人的感觉端庄典雅，高贵华丽，具有浓厚的文化气息。流畅的线条，精美的雕花，极富艺术感和浓郁的浪漫气息，优雅的外形设计，透露宫廷的奢华尊贵。糅合古典的轻奢和时尚流行的浪漫，打造高贵典雅、柔美雅致气质，演绎独树一帜的浪漫奢华、高品位家居。', 'redecorated');
INSERT INTO `redecoratedinfo` VALUES ('28', '客厅', '简欧', '61-90平米', '150000', 'http://localhost:8080/Images/images/redecoratedImage/简欧客厅2.jpg46jee.jpg', '15998457848', '欧式风格装修最大的特点是在造型上极其讲究，给人的感觉端庄典雅，高贵华丽，具有浓厚的文化气息。流畅的线条，精美的雕花，极富艺术感和浓郁的浪漫气息，优雅的外形设计，透露宫廷的奢华尊贵。糅合古典的轻奢和时尚流行的浪漫，打造高贵典雅、柔美雅致气质，演绎独树一帜的浪漫奢华、高品位家居。', 'redecorated');
INSERT INTO `redecoratedinfo` VALUES ('29', '客厅', '简欧', '151-200平米', '200000', 'http://localhost:8080/Images/images/redecoratedImage/简欧客厅1.jpg', '13998585656', '欧式风格装修最大的特点是在造型上极其讲究，给人的感觉端庄典雅，高贵华丽，具有浓厚的文化气息。流畅的线条，精美的雕花，极富艺术感和浓郁的浪漫气息，优雅的外形设计，透露宫廷的奢华尊贵。糅合古典的轻奢和时尚流行的浪漫，打造高贵典雅、柔美雅致气质，演绎独树一帜的浪漫奢华、高品位家居。', 'redecorated');
INSERT INTO `redecoratedinfo` VALUES ('30', '客厅', '简欧', '41-60平米', '100000', 'http://localhost:8080/Images/images/redecoratedImage/简欧客厅4.jpg92jee.jpg', '18754625289', '欧式风格装修最大的特点是在造型上极其讲究，给人的感觉端庄典雅，高贵华丽，具有浓厚的文化气息。流畅的线条，精美的雕花，极富艺术感和浓郁的浪漫气息，优雅的外形设计，透露宫廷的奢华尊贵。糅合古典的轻奢和时尚流行的浪漫，打造高贵典雅、柔美雅致气质，演绎独树一帜的浪漫奢华、高品位家居。', 'redecorated');
INSERT INTO `redecoratedinfo` VALUES ('31', '客厅', '美式', '40平米以下', '50000', 'http://localhost:8080/Images/images/redecoratedImage/美式客厅1.jpg23jee.jpg', '15987874543', '客厅明亮，大气，主选材上也多取舒适、柔性、温馨的设计风格。保留了材质、色彩的大致风格，让人感受到美式风格痕迹与浑厚的文化底蕴，同时又摒弃了过于复杂的肌理和装饰，简化了线条。将怀古的浪漫情怀与现代人对生活的需求相结合，兼容华贵典雅与时尚现代。', 'redecorated');
INSERT INTO `redecoratedinfo` VALUES ('32', '客厅', '美式', '61-90平米', '80000', 'http://localhost:8080/Images/images/redecoratedImage/美式客厅2.jpg10jee.jpg', '13997676484', '客厅明亮，大气，主选材上也多取舒适、柔性、温馨的设计风格。保留了材质、色彩的大致风格，让人感受到美式风格痕迹与浑厚的文化底蕴，同时又摒弃了过于复杂的肌理和装饰，简化了线条。将怀古的浪漫情怀与现代人对生活的需求相结合，兼容华贵典雅与时尚现代。', 'redecorated');
INSERT INTO `redecoratedinfo` VALUES ('33', '客厅', '美式', '121-150平米', '160000', 'http://localhost:8080/Images/images/redecoratedImage/美式客厅3.jpg39jee.jpg', '18487564985', '客厅明亮，大气，主选材上也多取舒适、柔性、温馨的设计风格。保留了材质、色彩的大致风格，让人感受到美式风格痕迹与浑厚的文化底蕴，同时又摒弃了过于复杂的肌理和装饰，简化了线条。将怀古的浪漫情怀与现代人对生活的需求相结合，兼容华贵典雅与时尚现代。', 'redecorated');
INSERT INTO `redecoratedinfo` VALUES ('34', '客厅', '美式', '201平米以上', '200000', 'http://localhost:8080/Images/images/redecoratedImage/美式客厅4.jpg24jee.jpg', '13659598543', '客厅明亮，大气，主选材上也多取舒适、柔性、温馨的设计风格。保留了材质、色彩的大致风格，让人感受到美式风格痕迹与浑厚的文化底蕴，同时又摒弃了过于复杂的肌理和装饰，简化了线条。将怀古的浪漫情怀与现代人对生活的需求相结合，兼容华贵典雅与时尚现代。', 'redecorated');
INSERT INTO `redecoratedinfo` VALUES ('35', '客厅', '中式', '61-90平米', '70000', 'http://localhost:8080/Images/images/redecoratedImage/中式客厅1.jpg15jee.jpg', '15848546253', '五口之家的居室，装修主要考虑老人的感受，室内的整体色调以中性色为主，简单合理，特别注重功能性、舒适性的设计。\r\n整个空间采用简洁明快的造型和镜面相以结合，来突出空间亮点，玄关吊顶的错位使空间有层次感，创造出一种归属感的环镜。整体空间色彩以暖色系为主，稍有深色加以点缀。\r\n', 'redecorated');
INSERT INTO `redecoratedinfo` VALUES ('36', '客厅', '田园', '91-120平米', '80000', 'http://localhost:8080/Images/images/redecoratedImage/客厅3.jpg23jee.jpg', '18487594632', '五口之家的居室，装修主要考虑老人的感受，室内的整体色调以中性色为主，简单合理，特别注重功能性、舒适性的设计。\r\n整个空间采用简洁明快的造型和镜面相以结合，来突出空间亮点，玄关吊顶的错位使空间有层次感，创造出一种归属感的环镜。整体空间色彩以暖色系为主，稍有深色加以点缀。\r\n', 'redecorated');
INSERT INTO `redecoratedinfo` VALUES ('38', '卧室', '中式', '61-90平米', '60000', 'http://localhost:8080/Images/images/redecoratedImage/中式卧室.jpg83jee.jpg', '15968452654', '浪漫与庄严的气质、卧室等设置低窗和\r\n六角形观景凸窗，餐厅南北相通，尖塔形斜顶，室内室外情景交融，客厅，曲折处有通路，功能的空间划分和位置布局体现德国式的严谨，抹灰木架与柱式装饰，各房间都为端正\r\n的四方形，餐厅南北相通，镇宝塔，门廊浪漫与庄严的气质。', 'redecorated');
INSERT INTO `redecoratedinfo` VALUES ('39', '客厅', '现代', '41-60平米', '60000', 'http://localhost:8080/Images/images/redecoratedImage/现代卧室1.jpg13jee.jpg', '15984562652', '文雅精巧不乏舒适，挑高大面窗的客厅。坐西南，挑高的门厅和气派的大门、\r\n门厅向南北舒展、前景开阔，\r\n让人心神荡漾，尽显雍容华\r\n贵，白色灰泥墙结合浅红屋瓦、卧室等设置低窗和六角形观景凸窗、广纳\r\n财源，尖尖的屋顶，挑高的门厅和气派的大门，却始终都看不清道路前方\r\n', 'redecorated');
INSERT INTO `redecoratedinfo` VALUES ('40', '卧室', '简约', '61-90平米', '80000', 'http://localhost:8080/Images/images/redecoratedImage/简约卧室.jpg91jee.jpg', '13997676458', '清新不落俗套、园林水系的和谐自然等要素，挑高大面窗的客厅，推崇儒教，圆形的拱窗和转角的石砌，纳盘龙、朝东北，门廊。清新不落俗套，圆形的拱窗和转角的石砌、门厅向南北舒展、门厅向南北舒展。', 'redecorated');
INSERT INTO `redecoratedinfo` VALUES ('41', '卧室', '欧式', '121-150平米', '150000', 'http://localhost:8080/Images/images/redecoratedImage/古典卧室.jpg30jee.jpg', '18487596528', '以大自然为皈依、卧室等设置低窗和六角形观景凸窗，绛红色的屋顶瓦在阳光的照射下格外醒目，从自然地理的角度来看，形成了一个圆拱形的“屋顶”。餐厅南北相通，让人心神荡漾，翠绿的竹叶则在顶端逐渐合围，连续的拱门和回廊。其简约雅致的外立面。传承了中华传统建筑的精髓、富丽于一体的独特艺术风格。\r\n', 'redecorated');
INSERT INTO `redecoratedinfo` VALUES ('42', '厨房', '简欧', '41-60平米', '60000', 'http://localhost:8080/Images/images/redecoratedImage/简欧厨房.jpg29jee.jpg', '13997676484', '现代简约风格整体橱柜图片 让厨房无比简单舒适：这样宽敞的厨房中，可以装修出各种自己喜欢的风格，整体橱柜的搭配是非常时尚的，浅绿色的一体式橱柜，在颜色的搭配效果上非常清新，和墙壁上同样色调的花纹装饰，更加的一体化效果，让装修变得无比简单舒适呢，在厨房中央的位置，放置餐桌，和坐椅，如此舒适的装饰，还为生活节省了不少麻烦。', 'redecorated');
INSERT INTO `redecoratedinfo` VALUES ('43', '卫浴', '简约', '41-60平米', '40000', 'http://localhost:8080/Images/images/redecoratedImage/欧式卫浴.jpg77jee.jpg', '13994545625', '由曲线和非对称线条构成，如花梗、花蕾、葡萄藤、昆虫翅膀以及自然界各种优美、波状的形体图案等，体现再墙面、栏杆、窗棂和家具等装饰上。线条有的柔美雅致，有的遒劲而富于节奏感，整个立体形式都与有条不紊的、有节奏的曲线融为一体。大量使用铁制构件，将玻璃、瓷砖等新工艺，以及铁艺制品、陶艺制品等综合运用于室内。注意室内外沟通，竭力给室内装饰艺术引入新意，以及整体风格简约大气。', 'redecorated');
INSERT INTO `redecoratedinfo` VALUES ('44', '厨房', '美式', '41-60平米', '50000', 'http://localhost:8080/Images/images/redecoratedImage/美式厨房.jpg23jee.jpg', '15587874542', '风格以简洁的表现形式来满足人们对空间环境那种感性的、本能的和理性的需求，这是当今国际社会流行的设计风格——简洁明快的简约主义。简约主义是由上个世纪80年代中期对复古风潮的叛逆和极简美学的基础上发展起来的，90年代初期，开始融入室内设计领域。', 'redecorated');
INSERT INTO `redecoratedinfo` VALUES ('45', '厨房', '欧式', '41-60平米', '60000', 'http://localhost:8080/Images/images/redecoratedImage/欧式厨房.jpg28jee.jpg', '13994848562', '并不是缺乏设计要素，它是一种更高层次的创作境界。在室内设计方面，不是要放弃原有建筑空间的规矩和朴实，去对建筑载体进行任意装饰。而是在设计上更加强 调功能，强调结构和形式的完整，更追求材料、技术、空间的表现深度与精确。用简约的手法进行室内创造，它更需要设计师具有较高的设计素养与实践经验。需要设计师深 入生活、反复思考、仔细推敲、精心提炼，运用最少的设计语言，表达出最深的设计内涵。删繁就简，去伪存真，以色彩的高度凝练和造型的极度简洁。', 'redecorated');
INSERT INTO `redecoratedinfo` VALUES ('46', '卫浴', '欧式', '61-90平米', '40000', 'http://localhost:8080/Images/images/redecoratedImage/欧式卫浴.jpg', '15984563526', '由曲线和非对称线条构成，如花梗、花蕾、葡萄藤、昆虫翅膀以及自然界各种优美、波状的形体图案等，体现再墙面、栏杆、窗棂和家具等装饰上。线条有的柔美雅致，有的遒劲而富于节奏感，整个立体形式都与有条不紊的、有节奏的曲线融为一体。大量使用铁制构件，将玻璃、瓷砖等新工艺，以及铁艺制品、陶艺制品等综合运用于室内。注意室内外沟通，竭力给室内装饰艺术引入新意，以及整体风格简约大气。', 'redecorated');
INSERT INTO `redecoratedinfo` VALUES ('48', '卫浴', '欧式', '91-120平米', '90000', 'http://localhost:8080/Images/images/redecoratedImage/欧式卫浴2.jpg87jee.jpg', '18487264938', '简约并不是缺乏设计要素，它是一种更高层次的创作境界。在室内设计方面，不是要放弃原有建筑空间的规矩和朴实，去对建筑载体进行任意装饰。而是在设计上更加强 调功能，强调结构和形式的完整，更追求材料、技术、空间的表现深度与精确。用简约的手法进行室内创造，它更需要设计师具有较高的设计素养与实践经验。需要设计师深 入生活、反复思考、仔细推敲、精心提炼，运用最少的设计语言，表达出最深的设计内涵。删繁就简，去伪存真，以色彩的高度凝练和造型的极度简洁。', 'redecorated');
INSERT INTO `redecoratedinfo` VALUES ('49', '厨房', '田园', '91-120平米', '70000', 'http://localhost:8080/Images/images/redecoratedImage/田园厨房.jpg53jee.jpg', '15968482525', '核心是功能第一，在造型和设计上提倡简约。　　一方面，它强调含蓄，提倡以少胜多，尽可能地把设计的元素、色彩、照明、原材料简化到最少。黑、白或灰是常用的色彩计划，比较少采用装饰图案。另一方面，它追求色彩与材料的高质感，通过对材料的严格控制，避免简约沦为简单的设计。尤其是在家具产品的选择上，必须是与室内整体环境协调的简约设计。', 'redecorated');
INSERT INTO `redecoratedinfo` VALUES ('50', '卫浴', '田园', '61-90平米', '60000', 'http://localhost:8080/Images/images/redecoratedImage/田园卫浴2.jpg46jee.jpg', '18485965236', '简约风格以简洁的表现形式来满足人们对空间环境那种感性的、本能的和理性的需求，这是当今国际社会流行的设计风格——简洁明快的简约主义。简约主义是由上个世纪80年代中期对复古风潮的叛逆和极简美学的基础上发展起来的，90年代初期，开始融入室内设计领域。', 'redecorated');
INSERT INTO `redecoratedinfo` VALUES ('51', '卫浴', '田园', '61-90平米', '60000', 'http://localhost:8080/Images/images/redecoratedImage/田园卫浴.jpg', '18456923584', '简约风格以简洁的表现形式来满足人们对空间环境那种感性的、本能的和理性的需求，这是当今国际社会流行的设计风格——简洁明快的简约主义。简约主义是由上个世纪80年代中期对复古风潮的叛逆和极简美学的基础上发展起来的，90年代初期，开始融入室内设计领域。', 'redecorated');
INSERT INTO `redecoratedinfo` VALUES ('52', '卫浴', '现代', '41-60平米', '50000', 'http://localhost:8080/Images/images/redecoratedImage/现代卫浴.jpg99jee.jpg', '15984562856', '简约风格以简洁的表现形式来满足人们对空间环境那种感性的、本能的和理性的需求，这是当今国际社会流行的设计风格——简洁明快的简约主义。简约主义是由上个世纪80年代中期对复古风潮的叛逆和极简美学的基础上发展起来的，90年代初期，开始融入室内设计领域。', 'redecorated');
INSERT INTO `redecoratedinfo` VALUES ('53', '厨房', '现代', '61-90平米', '80000', 'http://localhost:8080/Images/images/redecoratedImage/现代厨房.jpg32jee.jpg', '18485965236', '特征现代简约装修风格——核心是功能第一，在造型和设计上提倡简约。　　一方面，它强调含蓄，提倡以少胜多，尽可能地把设计的元素、色彩、照明、原材料简化到最少。黑、白或灰是常用的色彩计划，比较少采用装饰图案。另一方面，它追求色彩与材料的高质感，通过对材料的严格控制，避免简约沦为简单的设计。尤其是在家具产品的选择上，必须是与室内整体环境协调的简约设计。', 'redecorated');
INSERT INTO `redecoratedinfo` VALUES ('54', '厨房', '中式', '91-120平米', '90000', 'http://localhost:8080/Images/images/redecoratedImage/中式厨房.jpg33jee.jpg', '15848562593', '\r\n中式简约装修风格通过家居自然简约的风格令整个家居环境变得轻松纯粹,兼具现代与古典的装修元素.简约自然的中式装修风格是现如今很多家庭都比较喜欢的,那么大家了解吗?下面我们就一起从下文中了解一下吧.一、中式与简约的兼有 中式简约装修风格整体兼有传统中式风格和现代简约风格之间,不会有中式那种沉闷,也不会有简约那种飘逸.沉稳大方是,不奢华,又不失品味.\r\n', 'redecorated');

-- ----------------------------
-- Table structure for renthouseimage
-- ----------------------------
DROP TABLE IF EXISTS `renthouseimage`;
CREATE TABLE `renthouseimage` (
  `rentHouseImageId` int(11) NOT NULL AUTO_INCREMENT,
  `rentHouseId` int(11) NOT NULL,
  `rentHouseImageName` varchar(255) NOT NULL,
  PRIMARY KEY (`rentHouseImageId`)
) ENGINE=InnoDB AUTO_INCREMENT=51 DEFAULT CHARSET=utf8;

-- ----------------------------
-- Records of renthouseimage
-- ----------------------------
INSERT INTO `renthouseimage` VALUES ('1', '1', 'http://localhost:8080/Images/images/rentHouseImage/g2.jpg');
INSERT INTO `renthouseimage` VALUES ('2', '1', 'http://localhost:8080/Images/images/rentHouseImage/g3.jpg');
INSERT INTO `renthouseimage` VALUES ('3', '2', 'http://localhost:8080/Images/images/rentHouseImage/g4.jpg');
INSERT INTO `renthouseimage` VALUES ('19', '33', 'http://localhost:8080/Images/images/rentHouseImage/1.jpg10jee.jpg');
INSERT INTO `renthouseimage` VALUES ('20', '33', 'http://localhost:8080/Images/images/rentHouseImage/1.1.jpg41jee.jpg');
INSERT INTO `renthouseimage` VALUES ('21', '33', 'http://localhost:8080/Images/images/rentHouseImage/1.2.jpg64jee.jpg');
INSERT INTO `renthouseimage` VALUES ('22', '34', 'http://localhost:8080/Images/images/rentHouseImage/2.jpg65jee.jpg');
INSERT INTO `renthouseimage` VALUES ('23', '34', 'http://localhost:8080/Images/images/rentHouseImage/2.1.jpg58jee.jpg');
INSERT INTO `renthouseimage` VALUES ('24', '34', 'http://localhost:8080/Images/images/rentHouseImage/2.2.jpg62jee.jpg');
INSERT INTO `renthouseimage` VALUES ('25', '35', 'http://localhost:8080/Images/images/rentHouseImage/3.jpg23jee.jpg');
INSERT INTO `renthouseimage` VALUES ('26', '35', 'http://localhost:8080/Images/images/rentHouseImage/3.1.jpg60jee.jpg');
INSERT INTO `renthouseimage` VALUES ('27', '35', 'http://localhost:8080/Images/images/rentHouseImage/3.2.jpg37jee.jpg');
INSERT INTO `renthouseimage` VALUES ('28', '36', 'http://localhost:8080/Images/images/rentHouseImage/4.jpg82jee.jpg');
INSERT INTO `renthouseimage` VALUES ('29', '36', 'http://localhost:8080/Images/images/rentHouseImage/4.1.jpg19jee.jpg');
INSERT INTO `renthouseimage` VALUES ('30', '36', 'http://localhost:8080/Images/images/rentHouseImage/4.2.jpg4jee.jpg');
INSERT INTO `renthouseimage` VALUES ('31', '37', 'http://localhost:8080/Images/images/rentHouseImage/5.jpg7jee.jpg');
INSERT INTO `renthouseimage` VALUES ('32', '37', 'http://localhost:8080/Images/images/rentHouseImage/5.1.jpg90jee.jpg');
INSERT INTO `renthouseimage` VALUES ('33', '37', 'http://localhost:8080/Images/images/rentHouseImage/5.2.jpg74jee.jpg');
INSERT INTO `renthouseimage` VALUES ('34', '38', 'http://localhost:8080/Images/images/rentHouseImage/6.jpg29jee.jpg');
INSERT INTO `renthouseimage` VALUES ('35', '38', 'http://localhost:8080/Images/images/rentHouseImage/6.1.jpg79jee.jpg');
INSERT INTO `renthouseimage` VALUES ('36', '38', 'http://localhost:8080/Images/images/rentHouseImage/6.2.jpg1jee.jpg');
INSERT INTO `renthouseimage` VALUES ('37', '39', 'http://localhost:8080/Images/images/rentHouseImage/7.jpg82jee.jpg');
INSERT INTO `renthouseimage` VALUES ('38', '39', 'http://localhost:8080/Images/images/rentHouseImage/7.1.jpg87jee.jpg');
INSERT INTO `renthouseimage` VALUES ('39', '39', 'http://localhost:8080/Images/images/rentHouseImage/7.2.jpg1jee.jpg');
INSERT INTO `renthouseimage` VALUES ('40', '40', 'http://localhost:8080/Images/images/rentHouseImage/8.jpg46jee.jpg');
INSERT INTO `renthouseimage` VALUES ('41', '40', 'http://localhost:8080/Images/images/rentHouseImage/8.1.jpg49jee.jpg');
INSERT INTO `renthouseimage` VALUES ('42', '40', 'http://localhost:8080/Images/images/rentHouseImage/8.2.jpg54jee.jpg');
INSERT INTO `renthouseimage` VALUES ('43', '41', 'http://localhost:8080/Images/images/rentHouseImage/9.jpg61jee.jpg');
INSERT INTO `renthouseimage` VALUES ('44', '41', 'http://localhost:8080/Images/images/rentHouseImage/9.1.jpg28jee.jpg');
INSERT INTO `renthouseimage` VALUES ('45', '41', 'http://localhost:8080/Images/images/rentHouseImage/9.2.jpg48jee.jpg');
INSERT INTO `renthouseimage` VALUES ('46', '41', 'http://localhost:8080/Images/images/rentHouseImage/9.3.jpg100jee.jpg');
INSERT INTO `renthouseimage` VALUES ('47', '42', 'http://localhost:8080/Images/images/rentHouseImage/10.jpg11jee.jpg');
INSERT INTO `renthouseimage` VALUES ('48', '42', 'http://localhost:8080/Images/images/rentHouseImage/10.1.jpg67jee.jpg');
INSERT INTO `renthouseimage` VALUES ('49', '42', 'http://localhost:8080/Images/images/rentHouseImage/10.2.jpg10jee.jpg');
INSERT INTO `renthouseimage` VALUES ('50', '42', 'http://localhost:8080/Images/images/rentHouseImage/10.3.jpg6jee.jpg');

-- ----------------------------
-- Table structure for renthouseinfo
-- ----------------------------
DROP TABLE IF EXISTS `renthouseinfo`;
CREATE TABLE `renthouseinfo` (
  `rentHouseId` int(11) NOT NULL AUTO_INCREMENT,
  `rentHouseName` varchar(255) NOT NULL,
  `rentHouseAddress` varchar(255) NOT NULL,
  `rentHouseArea` int(255) NOT NULL,
  `rentHouseBuildTime` varchar(255) DEFAULT NULL,
  `rentHouseBedroom` int(255) NOT NULL,
  `rentHouseHall` int(11) NOT NULL,
  `rentHouseToilet` int(255) NOT NULL,
  `rentHouseFloor` varchar(255) NOT NULL,
  `rentHouseAllFloor` int(255) DEFAULT NULL,
  `rentHousePrice` int(10) NOT NULL,
  `rentHouseCity` varchar(255) DEFAULT NULL,
  `rentHouseDistrict` varchar(255) DEFAULT NULL,
  `rentHousePublishTime` datetime DEFAULT NULL,
  `rentHouseRedecorated` varchar(255) NOT NULL,
  `rentHousePhone` varchar(255) NOT NULL,
  `rentHouseDescribe` text NOT NULL,
  `rentHouseCategory` varchar(20) NOT NULL,
  PRIMARY KEY (`rentHouseId`)
) ENGINE=InnoDB AUTO_INCREMENT=43 DEFAULT CHARSET=utf8;

-- ----------------------------
-- Records of renthouseinfo
-- ----------------------------
INSERT INTO `renthouseinfo` VALUES ('1', '天水嘉园', '昆明市呈贡区天水嘉园', '134', '1995-2-10', '3', '2', '1', '中层', '24', '1200', '昆明市', '呈贡区', '2017-09-05 09:34:44', '毛坯', '18487569632', '买到就是赚到啊，最爽的二手房', 'renthouse');
INSERT INTO `renthouseinfo` VALUES ('2', '天水嘉园', '昆明市呈贡区天水嘉园', '153', '1995-2-10', '3', '2', '2', '中层', '24', '1200', '昆明市', '呈贡区', '2017-09-05 09:43:39', '毛坯', '18555888855', '空气对流采光好，值得购买', 'renthouse');
INSERT INTO `renthouseinfo` VALUES ('33', '急租 润城二区2房 西南向 空房出租-整租', '前卫西路668号', '84', '2014-06-04', '3', '1', '1', '高层', '32', '1900', '昆明', '西山区', '2017-09-21 11:02:36', '精装修', '18454621583', '住宅 | 2室2厅1卫 | 84㎡ |(高层)/共32层 |西南 |精装修', 'renthouse');
INSERT INTO `renthouseinfo` VALUES ('34', '润城二区 3房 精装修 带全套家具家电出租 -整租', '前卫西路668号', '90', '2017-09-09', '3', '2', '1', '低层', '34', '2500', '昆明', '西山区', '2017-09-21 11:09:49', '精装修', '18487264936', '住宅 | 3室2厅1卫 | 90㎡ |(低层)/共34层 |东北 |精装修', 'renthouse');
INSERT INTO `renthouseinfo` VALUES ('35', '润城二区 2房精装修 带家具家电 -整租', '前卫西路668号', '70', '2017-09-14', '2', '2', '1', '中层', '34', '2000', '昆明', '西山区', '2017-09-21 11:11:45', '精装修', '13994646582', '住宅 | 2室2厅1卫 | 70㎡ |(中层)/共34层 |西 |精装修', 'renthouse');
INSERT INTO `renthouseinfo` VALUES ('36', '润城小区旁 广福城 乐福苑 2房带家具出租-整租', '前卫西路668号', '90', '2014-09-01', '2', '2', '1', '高层', '20', '1900', '昆明', '西山区', '2017-09-21 11:13:40', '精装修', '15948753625', '住宅 | 2室2厅1卫 | 90㎡ |(高层)/共20层 |南 |精装修', 'renthouse');
INSERT INTO `renthouseinfo` VALUES ('37', '润城小区 2房精装修 空房出租-整租', '前卫西路668号', '88', '2016-09-01', '2', '2', '1', '高层', '34', '1900', '昆明', '西山区', '2017-09-21 11:15:27', '精装修', '15842365965', '住宅 | 2室2厅1卫 | 87.6㎡ |(高层)/共34层 |东 |精装修', 'renthouse');
INSERT INTO `renthouseinfo` VALUES ('38', '师大旁前卫西路世纪半岛茶溪谷3房带车位出租-整租', '前卫西路紧邻十里长街', '147', '2016-09-08', '3', '3', '2', '中层', '7', '3300', '昆明', '西山区', '2017-09-21 11:17:20', '精装修', '15548752649', '住宅 | 3室3厅2卫 | 147㎡ |(中层)/共7层 |南 |中装修', 'renthouse');
INSERT INTO `renthouseinfo` VALUES ('39', '滇池度假区红星爱琴海旁国际湖畔之梦别墅出租-整租', '西山区广福路和湖畔西路交叉口东南角', '368', '2017-02-15', '8', '3', '3', '中层', '3', '18000', '昆明', '西山区', '2017-09-21 11:19:38', '精装修', '18487264937', '住宅 | 8室3厅3卫 | 368㎡ |(中层)/共3层 |南北 |精装修', 'renthouse');
INSERT INTO `renthouseinfo` VALUES ('40', '滇池度假区昆三中红星旁湖畔之梦电梯房3房空房出租-整租', '西山区广福路和湖畔西路交叉口东南角', '104', '2017-02-08', '3', '2', '1', '高层', '8', '3200', '昆明', '西山区', '2017-09-21 11:21:39', '精装修', '18487459652', '住宅 | 3室2厅1卫 | 104㎡ |(高层)/共8层 |南北 |精装修', 'renthouse');
INSERT INTO `renthouseinfo` VALUES ('41', '广福路爱琴海红星檀宫昆三中豪装三房-整租', '广福路与金广路交叉口东南角（湖畔之梦对面）', '120', '2017-09-03', '3', '2', '2', '中层', '11', '6180', '昆明', '西山区', '2017-09-21 11:23:24', '精装修', '18475482655', '住宅 | 3室2厅2卫 | 120㎡ |(中层)/共11层 |南北 |豪华装修', 'renthouse');
INSERT INTO `renthouseinfo` VALUES ('42', '出租金广路亚龙小区中装修3房只要2000元-整租', '日新西路法院小区旁', '83', '2016-09-15', '3', '2', '1', '高层', '7', '2000', '昆明', '西山区', '2017-09-21 11:25:27', '精装修', '13997676454', '住宅 | 3室2厅1卫 | 83㎡ |(高层)/共7层 |南北 |中装修', 'renthouse');

-- ----------------------------
-- Table structure for replycontactus
-- ----------------------------
DROP TABLE IF EXISTS `replycontactus`;
CREATE TABLE `replycontactus` (
  `replyContactUsId` int(11) NOT NULL AUTO_INCREMENT,
  `adminName` varchar(50) DEFAULT NULL,
  `contactUsId` int(11) DEFAULT NULL,
  `reply` varchar(255) DEFAULT NULL,
  `replyTime` datetime DEFAULT NULL,
  PRIMARY KEY (`replyContactUsId`)
) ENGINE=InnoDB DEFAULT CHARSET=utf8;

-- ----------------------------
-- Records of replycontactus
-- ----------------------------

-- ----------------------------
-- Table structure for userapply
-- ----------------------------
DROP TABLE IF EXISTS `userapply`;
CREATE TABLE `userapply` (
  `userApplyId` int(11) NOT NULL AUTO_INCREMENT,
  `userName` varchar(255) NOT NULL,
  `userPhoneNum` varchar(50) NOT NULL,
  `applyCategory` varchar(255) NOT NULL,
  `categoryId` int(11) NOT NULL,
  `applyTime` datetime DEFAULT NULL,
  PRIMARY KEY (`userApplyId`)
) ENGINE=InnoDB DEFAULT CHARSET=utf8;

-- ----------------------------
-- Records of userapply
-- ----------------------------

-- ----------------------------
-- Table structure for usercollection
-- ----------------------------
DROP TABLE IF EXISTS `usercollection`;
CREATE TABLE `usercollection` (
  `userCollectionId` int(11) NOT NULL AUTO_INCREMENT,
  `userId` int(11) NOT NULL,
  `collectionCategory` varchar(20) NOT NULL,
  `collectionCategoryId` int(11) NOT NULL,
  PRIMARY KEY (`userCollectionId`)
) ENGINE=InnoDB DEFAULT CHARSET=utf8;

-- ----------------------------
-- Records of usercollection
-- ----------------------------

-- ----------------------------
-- Table structure for userinfo
-- ----------------------------
DROP TABLE IF EXISTS `userinfo`;
CREATE TABLE `userinfo` (
  `userId` int(11) NOT NULL AUTO_INCREMENT,
  `userName` varchar(50) NOT NULL,
  `userNickname` varchar(50) DEFAULT NULL,
  `userLoginPassword` varchar(255) DEFAULT NULL,
  `userSex` varchar(10) DEFAULT NULL,
  `userEmail` varchar(50) DEFAULT NULL,
  `userPhoneNum` varchar(50) DEFAULT NULL,
  `userPhoto` varchar(255) DEFAULT NULL,
  PRIMARY KEY (`userId`)
) ENGINE=InnoDB AUTO_INCREMENT=22 DEFAULT CHARSET=utf8;

-- ----------------------------
-- Records of userinfo
-- ----------------------------
INSERT INTO `userinfo` VALUES ('18', 'Jee', '花南渊海', '1230', '男', 'qiujeer@163.com', '18487219573', 'http://localhost:8080/Images/images/userPhoto/logo.jpg52jee.jpg');
INSERT INTO `userinfo` VALUES ('19', 'YNU', '哈哈大学', '0000', '男', '123@123.com', '18487219533', 'http://localhost:8080/Images/images/userPhoto/logo (2).jpg19jee.jpg');
INSERT INTO `userinfo` VALUES ('20', '1464952090@qq.com', null, '1464952090@qq.com', null, '1464952090@qq.com', null, null);
INSERT INTO `userinfo` VALUES ('21', '1464952090@qq.com', null, '1464952090@qq.com', null, '1464952090@qq.com', null, null);
